2025-09-07T23:15:29.222Z,pool_status,0,600,600,,Pool initialized with $600 and $34 positions
2025-09-07T23:15:31.773Z,trade_execution,-34,600,566,1,Trade #1 executed: 6v1yVyxo...
2025-09-07T23:15:32.793Z,trade_execution,-34,594.1590977908725,560.1590977908725,2,Trade #2 executed: 6VxiuEeX...
2025-09-07T23:15:33.846Z,trade_execution,-34,691.8450672086911,657.8450672086911,3,Trade #3 executed: 7BDvrAyK...
2025-09-07T23:15:33.942Z,trade_execution,-34,726.9672965582823,692.9672965582823,4,Trade #4 executed: 3BsVkapC...
2025-09-07T23:15:34.076Z,trade_execution,-34,778.7861785830513,744.7861785830513,5,Trade #5 executed: GsYgRdWS...
2025-09-07T23:15:35.943Z,pool_status,0,600,600,,Pool initialized with $600 and $34 positions
2025-09-07T23:15:35.992Z,trade_execution,-34,873.7584132554047,839.7584132554047,6,Trade #6 executed: FA532HAN...
2025-09-07T23:15:36.106Z,trade_execution,-34,855.5136496994255,821.5136496994255,7,Trade #7 executed: HyeVMBiR...
2025-09-07T23:15:39.306Z,trade_execution,-34,944.171126329579,910.171126329579,8,Trade #8 executed: DPPRWzEN...
2025-09-07T23:15:41.161Z,trade_execution,-34,600,566,1,Trade #1 executed: SWTFHrHs...
2025-09-07T23:15:54.033Z,pool_status,0,600,600,,Pool initialized with $600 and $34 positions
2025-09-07T23:16:01.292Z,trade_execution,-34,942.4784338021234,908.4784338021234,9,Trade #9 executed: tcBCKbbE...
2025-09-07T23:16:01.856Z,trade_execution,-34,600,566,1,Trade #1 executed: c2jtNrsY...
2025-09-07T23:16:03.946Z,profit_return,113.06200144151376,1026.1323219456951,1139.194323387209,9,3BsVkapC... | P&L: +$79.06 | Hold: 0.5m
2025-09-07T23:16:05.623Z,trade_execution,-34,1139.194323387209,1105.194323387209,10,Trade #10 executed: Agc8J2NV...
2025-09-07T23:17:01.838Z,trade_execution,-34,1262.4804055454063,1228.4804055454063,11,Trade #11 executed: ABbBHxig...
2025-09-07T23:17:01.924Z,trade_execution,-34,1235.1030728282883,1201.1030728282883,12,Trade #12 executed: HjjmgBxt...
2025-09-07T23:17:02.775Z,trade_execution,-34,1191.115085462208,1157.115085462208,13,Trade #13 executed: 6uYZhysw...
2025-09-07T23:17:03.988Z,trade_execution,-34,1198.962807624412,1164.962807624412,14,Trade #14 executed: USD1ttGY...
2025-09-07T23:17:05.075Z,trade_execution,-34,1152.2058095497976,1118.2058095497976,15,Trade #15 executed: 48TqCgU8...
2025-09-07T23:17:32.795Z,profit_return,106.2200663809254,1131.6856088448928,1237.9056752258182,15,6VxiuEeX... | P&L: +$72.22 | Hold: 2.0m
2025-09-07T23:17:39.319Z,profit_return,72.49264451855666,1237.9056752258182,1310.398319744375,15,DPPRWzEN... | P&L: +$38.49 | Hold: 2.0m
2025-09-07T23:17:59.267Z,trade_execution,-34,1310.398319744375,1276.398319744375,16,Trade #16 executed: 6i6jhSaF...
2025-09-07T23:18:00.287Z,trade_execution,-34,1276.398319744375,1242.398319744375,17,Trade #17 executed: wHdgfH41...
2025-09-07T23:18:01.305Z,profit_return,43.49895957325107,1242.398319744375,1285.897279317626,17,tcBCKbbE... | P&L: +$9.50 | Hold: 2.0m
2025-09-07T23:18:01.799Z,trade_execution,-34,1285.897279317626,1251.897279317626,18,Trade #18 executed: FZVXdmbF...
2025-09-07T23:18:02.976Z,trade_execution,-34,1336.1969853262174,1302.1969853262174,19,Trade #19 executed: 84Y6h6Xo...
2025-09-07T23:18:03.058Z,trade_execution,-34,1295.5946355109234,1261.5946355109234,20,Trade #20 executed: FQ9RviGF...
2025-09-07T23:18:05.075Z,profit_return,42.944530108835984,1315.8686422820115,1358.8131723908475,20,48TqCgU8... | P&L: +$8.94 | Hold: 1.0m
2025-09-07T23:18:05.625Z,profit_return,59.36561896191663,1358.8131723908475,1418.1787913527642,20,Agc8J2NV... | P&L: +$25.37 | Hold: 2.0m
2025-09-07T23:18:06.177Z,trade_execution,-34,1418.1787913527642,1384.1787913527642,21,Trade #21 executed: FWtuwdtQ...
2025-09-07T23:18:11.922Z,trade_execution,-34,1479.5924259125063,1445.5924259125063,22,Trade #22 executed: 6Ju5WfBj...
2025-09-07T23:18:32.987Z,profit_return,76.99087702301193,1447.9856721331494,1524.9765491561614,22,84Y6h6Xo... | P&L: +$42.99 | Hold: 0.5m
2025-09-07T23:18:39.321Z,profit_return,118.55476167395472,1524.9765491561614,1643.5313108301161,22,DPPRWzEN... | P&L: +$84.55 | Hold: 3.0m
2025-09-07T23:19:01.274Z,trade_execution,-34,1653.9251700500527,1619.9251700500527,23,Trade #23 executed: 9JntVu72...
2025-09-07T23:19:01.802Z,profit_return,58.04296741036693,1694.3390786673212,1752.382046077688,23,FZVXdmbF... | P&L: +$24.04 | Hold: 1.0m
2025-09-07T23:19:02.358Z,trade_execution,-34,1752.382046077688,1718.382046077688,24,Trade #24 executed: HGC4QPkg...
2025-09-07T23:19:03.998Z,profit_return,42.65441297023484,1687.26267428405,1729.917087254285,24,USD1ttGY... | P&L: +$8.65 | Hold: 2.0m
2025-09-07T23:19:07.933Z,trade_execution,-34,1772.2537451230232,1738.2537451230232,25,Trade #25 executed: 7zpKeXLX...
2025-09-07T23:19:37.935Z,profit_return,59.99875587188324,1747.7203978036603,1807.7191536755436,25,7zpKeXLX... | P&L: +$26.00 | Hold: 0.5m
2025-09-07T23:19:59.253Z,trade_execution,-34,1807.7191536755436,1773.7191536755436,26,Trade #26 executed: EUcJqyUt...
2025-09-07T23:20:00.500Z,trade_execution,-34,1796.1073911262756,1762.1073911262756,27,Trade #27 executed: Es9vMFrz...
2025-09-07T23:20:01.267Z,profit_return,79.41561921755478,1819.528684177588,1898.944303395143,27,9JntVu72... | P&L: +$45.42 | Hold: 1.0m
2025-09-07T23:20:01.912Z,profit_return,111.45223330103674,1939.060851977738,2050.5130852787747,27,HjjmgBxt... | P&L: +$77.45 | Hold: 3.0m
2025-09-07T23:20:03.046Z,profit_return,44.058903061505276,2050.5130852787747,2094.57198834028,27,FQ9RviGF... | P&L: +$10.06 | Hold: 2.0m
2025-09-07T23:20:03.676Z,trade_execution,-34,2094.57198834028,2060.57198834028,28,Trade #28 executed: 7PPYKWsQ...
2025-09-07T23:20:06.163Z,profit_return,59.44094236833176,2128.753008903294,2188.193951271626,28,FWtuwdtQ... | P&L: +$25.44 | Hold: 2.0m
2025-09-07T23:20:06.820Z,trade_execution,-34,2188.193951271626,2154.193951271626,29,Trade #29 executed: 8jQQMhBE...
2025-09-07T23:20:07.919Z,profit_return,79.27032267392583,2142.9506062627806,2222.2209289367065,29,7zpKeXLX... | P&L: +$45.27 | Hold: 1.0m
2025-09-07T23:20:09.169Z,trade_execution,-34,2217.5094354505086,2183.5094354505086,30,Trade #30 executed: FAjhA7pv...
2025-09-07T23:20:11.921Z,profit_return,57.7309280700575,2183.9269895714997,2241.657917641557,30,6Ju5WfBj... | P&L: +$23.73 | Hold: 2.0m
2025-09-07T23:20:31.767Z,profit_return,80.81145902280005,2241.657917641557,2322.4693766643572,30,6v1yVyxo... | P&L: +$46.81 | Hold: 5.0m
2025-09-07T23:20:32.795Z,profit_return,43.373704416558446,2322.4693766643572,2365.843081080916,30,6VxiuEeX... | P&L: +$9.37 | Hold: 5.0m
2025-09-07T23:20:33.855Z,profit_return,357.6288580599754,2365.843081080916,2723.471939140891,30,7BDvrAyK... | P&L: +$323.63 | Hold: 5.0m
2025-09-07T23:20:33.937Z,profit_return,40.84282170307365,2723.471939140891,2764.314760843965,30,3BsVkapC... | P&L: +$6.84 | Hold: 5.0m
2025-09-07T23:20:34.075Z,loss_return,17.447570382004745,2764.314760843965,2781.76233122597,30,GsYgRdWS... | P&L: $-16.55 | Hold: 5.0m
2025-09-07T23:20:35.987Z,profit_return,58.912878295942136,2781.76233122597,2840.6752095219117,30,FA532HAN... | P&L: +$24.91 | Hold: 5.0m
2025-09-07T23:20:39.202Z,profit_return,43.856580624832745,2840.6752095219117,2884.5317901467442,30,FAjhA7pv... | P&L: +$9.86 | Hold: 0.5m
2025-09-07T23:20:59.269Z,profit_return,73.89076359837915,2884.5317901467442,2958.4225537451234,30,6i6jhSaF... | P&L: +$39.89 | Hold: 3.0m
2025-09-07T23:20:59.271Z,profit_return,80.67416930970847,2958.4225537451234,3039.0967230548317,30,EUcJqyUt... | P&L: +$46.67 | Hold: 1.0m
2025-09-07T23:21:01.282Z,profit_return,44.202826383463986,3039.0967230548317,3083.299549438296,30,9JntVu72... | P&L: +$10.20 | Hold: 2.0m
2025-09-07T23:21:01.285Z,profit_return,35.005911770762005,3083.299549438296,3118.3054612090577,30,tcBCKbbE... | P&L: +$1.01 | Hold: 5.0m
2025-09-07T23:21:02.976Z,profit_return,158.759945493931,3118.3054612090577,3277.0654067029886,30,84Y6h6Xo... | P&L: +$124.76 | Hold: 3.0m
2025-09-07T23:21:11.926Z,profit_return,34.41538137656643,3277.0654067029886,3311.480788079555,30,6Ju5WfBj... | P&L: +$0.42 | Hold: 3.0m
2025-09-07T23:21:29.282Z,trade_execution,-34,3311.480788079555,3277.480788079555,31,Trade #31 executed: EgyZEcJu...
2025-09-07T23:21:59.296Z,trade_execution,-34,3277.480788079555,3243.480788079555,32,Trade #32 executed: FmvywkEa...
2025-09-07T23:22:00.160Z,trade_execution,-34,3292.7893455449416,3258.7893455449416,33,Trade #33 executed: kqEk1tmm...
2025-09-07T23:22:00.351Z,trade_execution,-34,3265.6838850595805,3231.6838850595805,34,Trade #34 executed: 7ZsxuYHS...
2025-09-07T23:22:02.370Z,trade_execution,-34,3251.226773078149,3217.226773078149,35,Trade #35 executed: 4apQy6Mv...
2025-09-07T23:22:02.438Z,trade_execution,-34,3211.1726642331623,3177.1726642331623,36,Trade #36 executed: EJhqXKJE...
2025-09-07T23:22:04.563Z,trade_execution,-34,3208.4444421295875,3174.4444421295875,37,Trade #37 executed: 9QAvxdo1...
2025-09-07T23:22:06.850Z,trade_execution,-34,3232.5318404275004,3198.5318404275004,38,Trade #38 executed: 9LNuCGiW...
2025-09-07T23:22:08.052Z,trade_execution,-34,3211.2737265499386,3177.2737265499386,39,Trade #39 executed: FqFnM8a6...
2025-09-07T23:22:29.291Z,profit_return,43.25035817370519,3217.9688920935846,3261.2192502672897,39,EgyZEcJu... | P&L: +$9.25 | Hold: 1.0m
2025-09-07T23:22:34.569Z,profit_return,62.385979081127765,3261.2192502672897,3323.6052293484177,39,9QAvxdo1... | P&L: +$28.39 | Hold: 0.5m
2025-09-07T23:22:59.295Z,trade_execution,-34,3323.6052293484177,3289.6052293484177,40,Trade #40 executed: 7DtLCF5N...
2025-09-07T23:23:00.166Z,profit_return,42.84982753756102,3289.6052293484177,3332.4550568859786,40,kqEk1tmm... | P&L: +$8.85 | Hold: 1.0m
2025-09-07T23:23:00.353Z,profit_return,76.99303089563546,3332.4550568859786,3409.448087781614,40,7ZsxuYHS... | P&L: +$42.99 | Hold: 1.0m
2025-09-07T23:23:00.517Z,profit_return,61.0926288327028,3409.448087781614,3470.540716614317,40,Es9vMFrz... | P&L: +$27.09 | Hold: 3.0m
2025-09-07T23:23:00.570Z,trade_execution,-34,3462.636020663953,3428.636020663953,41,Trade #41 executed: EVj9YG4x...
2025-09-07T23:23:01.726Z,trade_execution,-34,3471.6174012720585,3437.6174012720585,42,Trade #42 executed: 9ATqKavP...
2025-09-07T23:23:03.063Z,trade_execution,-34,3496.0464431580785,3462.0464431580785,43,Trade #43 executed: FWVvcPoa...
2025-09-07T23:23:06.828Z,profit_return,71.11091018785237,3520.7977363003984,3591.9086464882507,43,8jQQMhBE... | P&L: +$37.11 | Hold: 3.0m
2025-09-07T23:23:07.173Z,trade_execution,-34,3591.9086464882507,3557.9086464882507,44,Trade #44 executed: BazP91TT...
2025-09-07T23:23:30.586Z,profit_return,58.84678925179051,3568.354723023122,3627.2015122749126,44,EVj9YG4x... | P&L: +$24.85 | Hold: 0.5m
2025-09-07T23:23:59.315Z,profit_return,61.559922088826454,3627.2015122749126,3688.761434363739,44,7DtLCF5N... | P&L: +$27.56 | Hold: 1.0m
2025-09-07T23:24:00.334Z,trade_execution,-34,3711.010006400354,3677.010006400354,45,Trade #45 executed: DHv5BAkC...
2025-09-07T23:24:00.580Z,profit_return,61.73466984259193,3677.010006400354,3738.744676242946,45,EVj9YG4x... | P&L: +$27.73 | Hold: 1.0m
2025-09-07T23:24:00.970Z,trade_execution,-34,3745.946612720827,3711.946612720827,46,Trade #46 executed: 2ZH75FVY...
2025-09-07T23:24:01.338Z,trade_execution,-34,3701.541248624433,3667.541248624433,47,Trade #47 executed: DfKAentV...
2025-09-07T23:24:01.737Z,profit_return,57.10699367061116,3667.541248624433,3724.6482422950444,47,9ATqKavP... | P&L: +$23.11 | Hold: 1.0m
2025-09-07T23:24:02.046Z,trade_execution,-34,3724.6482422950444,3690.6482422950444,48,Trade #48 executed: EPjFWdd5...
2025-09-07T23:24:02.352Z,loss_return,33.58481319070865,3700.4152241131706,3734.0000373038793,48,HGC4QPkg... | P&L: $-0.42 | Hold: 5.0m
2025-09-07T23:24:08.056Z,profit_return,207.03591239192218,3821.460607985971,4028.496520377893,48,FqFnM8a6... | P&L: +$173.04 | Hold: 2.0m
2025-09-07T23:24:59.290Z,profit_return,40.71069819217768,4028.496520377893,4069.2072185700704,48,FmvywkEa... | P&L: +$6.71 | Hold: 3.0m
2025-09-07T23:24:59.310Z,trade_execution,-34,4069.2072185700704,4035.2072185700704,49,Trade #49 executed: 9cdQyDNh...
2025-09-07T23:25:00.329Z,profit_return,78.22814485430867,4035.2072185700704,4113.435363424379,49,DHv5BAkC... | P&L: +$44.23 | Hold: 1.0m
2025-09-07T23:25:00.810Z,trade_execution,-34,4144.217329539025,4110.217329539025,50,Trade #50 executed: 2GCyaZ5n...
2025-09-07T23:25:00.889Z,trade_execution,-34,4096.876445944521,4062.876445944521,51,Trade #51 executed: 62Li91cr...
2025-09-07T23:25:01.731Z,profit_return,57.27615516791221,4111.634692479954,4168.910847647866,51,9ATqKavP... | P&L: +$23.28 | Hold: 2.0m
2025-09-07T23:25:02.037Z,trade_execution,-34,4168.910847647866,4134.910847647866,52,Trade #52 executed: 7gd5NBMq...
2025-09-07T23:25:02.057Z,profit_return,79.97588573305548,4131.232614406107,4211.208500139162,52,EPjFWdd5... | P&L: +$45.98 | Hold: 1.0m
2025-09-07T23:25:03.021Z,trade_execution,-34,4194.639707942814,4160.639707942814,53,Trade #53 executed: dj3oBycL...
2025-09-07T23:25:04.204Z,trade_execution,-34,4280.120584948193,4246.120584948193,54,Trade #54 executed: 7MzyLnwY...
2025-09-07T23:25:33.034Z,profit_return,43.559970709077724,4273.90971293973,4317.469683648807,54,dj3oBycL... | P&L: +$9.56 | Hold: 0.5m
2025-09-07T23:25:34.226Z,profit_return,116.7950420113212,4317.469683648807,4434.2647256601285,54,7MzyLnwY... | P&L: +$82.80 | Hold: 0.5m
2025-09-07T23:25:36.093Z,loss_return,32.72384497202669,4434.2647256601285,4466.988570632156,54,HyeVMBiR... | P&L: $-1.28 | Hold: 10.0m
2025-09-07T23:25:39.293Z,profit_return,80.72264149678877,4466.988570632156,4547.711212128945,54,DPPRWzEN... | P&L: +$46.72 | Hold: 10.0m
2025-09-07T23:26:00.332Z,trade_execution,-34,4547.711212128945,4513.711212128945,55,Trade #55 executed: BP2Z2Xnn...
2025-09-07T23:26:00.470Z,trade_execution,-34,4513.711212128945,4479.711212128945,56,Trade #56 executed: DQw2LchX...
2025-09-07T23:26:00.823Z,profit_return,62.807440246578814,4545.3777027348315,4608.1851429814105,56,2GCyaZ5n... | P&L: +$28.81 | Hold: 1.0m
2025-09-07T23:26:03.030Z,profit_return,77.85961663366194,4633.5316350456005,4711.3912516792625,56,dj3oBycL... | P&L: +$43.86 | Hold: 1.0m
2025-09-07T23:26:04.946Z,trade_execution,-34,4718.2735719842985,4684.2735719842985,57,Trade #57 executed: 5oBLZgYQ...
2025-09-07T23:26:05.614Z,profit_return,62.747587073527015,4708.421045269597,4771.168632343124,57,Agc8J2NV... | P&L: +$28.75 | Hold: 10.0m
2025-09-07T23:26:06.157Z,trade_execution,-34,4797.302326030861,4763.302326030861,58,Trade #58 executed: ADSXPGwP...
2025-09-07T23:26:36.159Z,profit_return,74.77846318288582,4756.006777483605,4830.785240666491,58,ADSXPGwP... | P&L: +$40.78 | Hold: 0.5m
2025-09-07T23:26:59.321Z,profit_return,57.46315166021246,4830.785240666491,4888.248392326703,58,9cdQyDNh... | P&L: +$23.46 | Hold: 2.0m
2025-09-07T23:27:00.332Z,loss_return,32.958367654236056,4888.248392326703,4921.206759980939,58,DHv5BAkC... | P&L: $-1.04 | Hold: 3.0m
2025-09-07T23:27:00.477Z,profit_return,117.74908262066273,4921.206759980939,5038.955842601602,58,DQw2LchX... | P&L: +$83.75 | Hold: 1.0m
2025-09-07T23:27:00.901Z,profit_return,39.87542466525262,5033.659036774959,5073.534461440211,58,62Li91cr... | P&L: +$5.88 | Hold: 2.0m
2025-09-07T23:27:01.074Z,trade_execution,-34,5073.534461440211,5039.534461440211,59,Trade #59 executed: 5pP6YRAz...
2025-09-07T23:27:01.841Z,profit_return,61.552397366231645,5071.030095911377,5132.5824932776095,59,ABbBHxig... | P&L: +$27.55 | Hold: 10.0m
2025-09-07T23:27:01.911Z,profit_return,76.3836317241414,5132.5824932776095,5208.966125001751,59,HjjmgBxt... | P&L: +$42.38 | Hold: 10.0m
2025-09-07T23:27:02.064Z,profit_return,43.90815328112437,5208.966125001751,5252.874278282875,59,7gd5NBMq... | P&L: +$9.91 | Hold: 2.0m
2025-09-07T23:27:02.373Z,profit_return,76.02088330994502,5252.874278282875,5328.89516159282,59,4apQy6Mv... | P&L: +$42.02 | Hold: 5.0m
2025-09-07T23:27:02.438Z,profit_return,58.36059032812874,5328.89516159282,5387.255751920949,59,EJhqXKJE... | P&L: +$24.36 | Hold: 5.0m
2025-09-07T23:27:04.219Z,loss_return,33.930806733309005,5421.154851833182,5455.085658566491,59,7MzyLnwY... | P&L: $-0.07 | Hold: 2.0m
2025-09-07T23:27:04.970Z,profit_return,103.07924859649816,5455.085658566491,5558.164907162989,59,5oBLZgYQ... | P&L: +$69.08 | Hold: 1.0m
2025-09-07T23:27:06.247Z,trade_execution,-34,5596.598646602206,5562.598646602206,60,Trade #60 executed: AK1xD6Rz...
2025-09-07T23:27:06.859Z,loss_return,23.2018045237606,5597.952467063497,5621.154271587258,60,9LNuCGiW... | P&L: $-10.80 | Hold: 5.0m
2025-09-07T23:27:07.403Z,trade_execution,-34,5621.154271587258,5587.154271587258,61,Trade #61 executed: 2kti2Yq3...
2025-09-07T23:27:36.251Z,profit_return,110.286241734879,5655.557673148787,5765.843914883666,61,AK1xD6Rz... | P&L: +$76.29 | Hold: 0.5m
2025-09-07T23:27:59.270Z,loss_return,29.44446889851254,5765.843914883666,5795.288383782178,61,6i6jhSaF... | P&L: $-4.56 | Hold: 10.0m
2025-09-07T23:27:59.316Z,profit_return,40.22697279449173,5795.288383782178,5835.51535657667,61,9cdQyDNh... | P&L: +$6.23 | Hold: 3.0m
2025-09-07T23:28:00.296Z,loss_return,30.02826085529548,5882.998726616221,5913.026987471516,61,wHdgfH41... | P&L: $-3.97 | Hold: 10.0m
2025-09-07T23:28:00.360Z,profit_return,57.452953636105974,5913.026987471516,5970.479941107622,61,BP2Z2Xnn... | P&L: +$23.45 | Hold: 2.0m
2025-09-07T23:28:00.573Z,loss_return,26.023988440320924,5970.479941107622,5996.503929547943,61,EVj9YG4x... | P&L: $-7.98 | Hold: 5.0m
2025-09-07T23:28:01.396Z,trade_execution,-34,5996.503929547943,5962.503929547943,62,Trade #62 executed: 3wT8LYo7...
2025-09-07T23:28:01.786Z,profit_return,60.14620160367127,5964.451681144761,6024.597882748432,62,FZVXdmbF... | P&L: +$26.15 | Hold: 10.0m
2025-09-07T23:28:03.035Z,loss_return,33.324241167856464,6023.165871131372,6056.490112299229,62,dj3oBycL... | P&L: $-0.68 | Hold: 3.0m
2025-09-07T23:28:04.951Z,profit_return,79.84169825982876,6056.490112299229,6136.331810559058,62,5oBLZgYQ... | P&L: +$45.84 | Hold: 2.0m
2025-09-07T23:28:06.176Z,profit_return,72.96380281016768,6136.331810559058,6209.295613369226,62,ADSXPGwP... | P&L: +$38.96 | Hold: 2.0m
2025-09-07T23:28:06.251Z,profit_return,59.54097684018226,6209.295613369226,6268.836590209408,62,AK1xD6Rz... | P&L: +$25.54 | Hold: 1.0m
2025-09-07T23:28:07.180Z,profit_return,56.575883187678926,6268.836590209408,6325.4124733970875,62,BazP91TT... | P&L: +$22.58 | Hold: 5.0m
2025-09-07T23:29:01.782Z,trade_execution,-34,6325.4124733970875,6291.4124733970875,63,Trade #63 executed: D77Yq46c...
2025-09-07T23:29:01.853Z,trade_execution,-34,6323.6411351843235,6289.6411351843235,64,Trade #64 executed: AWTCeFw8...
2025-09-07T23:29:05.193Z,trade_execution,-34,6340.75896625825,6306.75896625825,65,Trade #65 executed: 2sha2cta...
2025-09-07T23:29:06.153Z,profit_return,77.87277642439784,6341.759365198159,6419.632141622556,65,ADSXPGwP... | P&L: +$43.87 | Hold: 3.0m
2025-09-07T23:29:06.382Z,trade_execution,-34,6419.632141622556,6385.632141622556,66,Trade #66 executed: 2FTpbbXo...
2025-09-07T23:29:31.850Z,profit_return,62.279292175996304,6366.829911571474,6429.109203747471,66,AWTCeFw8... | P&L: +$28.28 | Hold: 0.5m
2025-09-07T23:30:00.512Z,loss_return,22.19884248622448,6429.109203747471,6451.308046233696,66,Es9vMFrz... | P&L: $-11.80 | Hold: 10.0m
2025-09-07T23:30:01.072Z,loss_return,24.306637388436258,6451.308046233696,6475.614683622132,66,5pP6YRAz... | P&L: $-9.69 | Hold: 3.0m
2025-09-07T23:30:01.362Z,trade_execution,-34,6493.844183595778,6459.844183595778,67,Trade #67 executed: 3WLNPKt4...
2025-09-07T23:30:06.250Z,profit_return,36.14785345686817,6492.323123520721,6528.470976977589,67,AK1xD6Rz... | P&L: +$2.15 | Hold: 3.0m
2025-09-07T23:30:07.398Z,profit_return,74.72588692905677,6528.470976977589,6603.196863906646,67,2kti2Yq3... | P&L: +$40.73 | Hold: 3.0m
2025-09-07T23:30:09.174Z,profit_return,62.49573320005446,6640.2699027326635,6702.7656359327175,67,FAjhA7pv... | P&L: +$28.50 | Hold: 10.0m
2025-09-07T23:31:00.744Z,trade_execution,-34,6695.5806401398795,6661.5806401398795,68,Trade #68 executed: 84YvqFFv...
2025-09-07T23:31:00.865Z,trade_execution,-34,6674.97268975028,6640.97268975028,69,Trade #69 executed: 33GFtiD1...
2025-09-07T23:31:01.395Z,profit_return,61.38706625650751,6645.309167903996,6706.696234160504,69,3wT8LYo7... | P&L: +$27.39 | Hold: 3.0m
2025-09-07T23:31:01.880Z,profit_return,43.79475891331753,6705.834963552884,6749.629722466201,69,AWTCeFw8... | P&L: +$9.79 | Hold: 2.0m
2025-09-07T23:31:04.197Z,trade_execution,-34,6807.124724283217,6773.124724283217,70,Trade #70 executed: So111111...
2025-09-07T23:32:00.507Z,trade_execution,-34,6840.071846866949,6806.071846866949,71,Trade #71 executed: AW9F2qwt...
2025-09-07T23:32:01.817Z,profit_return,61.443611430083614,6851.359087606119,6912.802699036202,71,ABbBHxig... | P&L: +$27.44 | Hold: 15.0m
2025-09-07T23:32:05.067Z,profit_return,60.01908570301401,6981.483740942416,7041.50282664543,71,48TqCgU8... | P&L: +$26.02 | Hold: 15.0m
2025-09-07T23:32:06.396Z,profit_return,137.60533719713274,7041.50282664543,7179.108163842563,71,2FTpbbXo... | P&L: +$103.61 | Hold: 3.0m
2025-09-07T23:32:30.523Z,profit_return,81.16594119748642,7179.108163842563,7260.274105040049,71,AW9F2qwt... | P&L: +$47.17 | Hold: 0.5m
2025-09-07T23:33:00.884Z,profit_return,71.42623497036092,2986.9053236776394,3058.3315586480003,71,33GFtiD1... | P&L: +$37.43 | Hold: 2.0m
2025-09-07T23:33:01.393Z,profit_return,60.70524448099823,3081.5477096756235,3142.252954156622,71,3wT8LYo7... | P&L: +$26.71 | Hold: 5.0m
2025-09-07T23:33:03.039Z,loss_return,25.672797600491446,3142.252954156622,3167.925751757113,71,FQ9RviGF... | P&L: $-8.33 | Hold: 15.0m
2025-09-07T23:33:08.463Z,trade_execution,-34,3182.05882081877,3148.05882081877,72,Trade #72 executed: LGajffMj...
2025-09-07T23:33:08.556Z,trade_execution,-34,3166.953287915433,3132.953287915433,73,Trade #73 executed: 2iUnxsdi...
2025-09-07T23:33:38.470Z,profit_return,58.67722746994075,3180.9863796667482,3239.663607136689,73,LGajffMj... | P&L: +$24.68 | Hold: 0.5m
2025-09-07T23:34:00.008Z,trade_execution,-34,3239.663607136689,3205.663607136689,74,Trade #74 executed: C4NTXG63...
2025-09-07T23:34:00.507Z,profit_return,73.1720960190227,3206.3833625329603,3279.555458551983,74,AW9F2qwt... | P&L: +$39.17 | Hold: 2.0m
2025-09-07T23:34:00.863Z,profit_return,79.92373754839919,3279.555458551983,3359.479196100382,74,33GFtiD1... | P&L: +$45.92 | Hold: 3.0m
2025-09-07T23:34:01.786Z,profit_return,81.0741136993862,3359.479196100382,3440.553309799768,74,D77Yq46c... | P&L: +$47.07 | Hold: 5.0m
2025-09-07T23:34:04.214Z,profit_return,72.78407474251212,3466.7239649024837,3539.5080396449957,74,So111111... | P&L: +$38.78 | Hold: 3.0m
2025-09-07T23:35:01.371Z,profit_return,129.13842351710656,3643.979382928779,3773.117806445886,74,3WLNPKt4... | P&L: +$95.14 | Hold: 5.0m
2025-09-07T23:35:05.937Z,trade_execution,-34,3773.117806445886,3739.117806445886,75,Trade #75 executed: JCRUWzvc...
2025-09-07T23:35:08.544Z,profit_return,79.1236162649888,3728.4120703361305,3807.5356866011193,75,2iUnxsdi... | P&L: +$45.12 | Hold: 2.0m
2025-09-07T23:35:35.961Z,profit_return,72.5767081608146,3807.5356866011193,3880.112394761934,75,JCRUWzvc... | P&L: +$38.58 | Hold: 0.5m
2025-09-07T23:36:00.855Z,profit_return,34.78323104297859,3863.5731886909457,3898.356419733924,75,33GFtiD1... | P&L: +$0.78 | Hold: 5.0m
2025-09-07T23:36:02.105Z,trade_execution,-34,3898.356419733924,3864.356419733924,76,Trade #76 executed: 61ZyozCB...
2025-09-07T23:36:04.198Z,profit_return,75.84185094177877,3952.7969227996673,4028.638773741446,76,So111111... | P&L: +$41.84 | Hold: 5.0m
2025-09-07T23:36:04.423Z,trade_execution,-34,4030.748932246942,3996.748932246942,77,Trade #77 executed: H729LNbc...
2025-09-07T23:36:04.589Z,trade_execution,-34,3996.748932246942,3962.748932246942,78,Trade #78 executed: 7N45Ln9o...
2025-09-07T23:37:00.008Z,profit_return,43.359049978666164,4039.570369303163,4082.929419281829,78,C4NTXG63... | P&L: +$9.36 | Hold: 3.0m
2025-09-07T23:37:00.135Z,trade_execution,-34,4082.929419281829,4048.929419281829,79,Trade #79 executed: DAfyMT3y...
2025-09-07T23:37:00.331Z,profit_return,160.11113857824702,4065.275316896955,4225.386455475202,79,7ZsxuYHS... | P&L: +$126.11 | Hold: 15.0m
2025-09-07T23:37:02.107Z,profit_return,77.56377768075036,4239.9960766078675,4317.559854288618,79,61ZyozCB... | P&L: +$43.56 | Hold: 1.0m
2025-09-07T23:37:02.396Z,trade_execution,-34,4317.559854288618,4283.559854288618,80,Trade #80 executed: CfKrQFdT...
2025-09-07T23:37:02.428Z,loss_return,33.30191340436523,4319.3286590010175,4352.630572405383,80,EJhqXKJE... | P&L: $-0.70 | Hold: 15.0m
2025-09-07T23:37:02.439Z,trade_execution,-34,4352.630572405383,4318.630572405383,81,Trade #81 executed: 4S5jkMcN...
2025-09-07T23:37:04.433Z,profit_return,77.47321840049321,4316.9365242277,4394.409742628193,81,H729LNbc... | P&L: +$43.47 | Hold: 1.0m
2025-09-07T23:37:32.410Z,profit_return,79.67105654866529,4394.409742628193,4474.080799176859,81,CfKrQFdT... | P&L: +$45.67 | Hold: 0.5m
2025-09-07T23:38:00.840Z,trade_execution,-34,4474.080799176859,4440.080799176859,82,Trade #82 executed: 3tdJoHDe...
2025-09-07T23:38:02.448Z,profit_return,56.55184905556047,4464.584803619309,4521.13665267487,82,4S5jkMcN... | P&L: +$22.55 | Hold: 1.0m
2025-09-07T23:38:04.015Z,trade_execution,-34,4559.628514334548,4525.628514334548,83,Trade #83 executed: 7hR75tcq...
2025-09-07T23:38:04.599Z,profit_return,58.62984638331198,4571.561168196296,4630.191014579608,83,7N45Ln9o... | P&L: +$24.63 | Hold: 2.0m
2025-09-07T23:38:05.191Z,trade_execution,-34,4633.0764839962685,4599.0764839962685,84,Trade #84 executed: J3oWJafx...
2025-09-07T23:38:05.954Z,loss_return,27.960042362400024,4634.246851348796,4662.206893711195,84,JCRUWzvc... | P&L: $-6.04 | Hold: 3.0m
2025-09-07T23:38:35.176Z,profit_return,59.05821595697599,4697.196172802202,4756.254388759178,84,J3oWJafx... | P&L: +$25.06 | Hold: 0.5m
2025-09-07T23:38:59.998Z,profit_return,59.99386998618023,4756.254388759178,4816.248258745359,84,C4NTXG63... | P&L: +$25.99 | Hold: 5.0m
2025-09-07T23:39:00.926Z,trade_execution,-34,4816.248258745359,4782.248258745359,85,Trade #85 executed: EY9Yzz2U...
2025-09-07T23:39:00.935Z,profit_return,43.84199661614893,4811.813721727186,4855.655718343335,85,2ZH75FVY... | P&L: +$9.84 | Hold: 15.0m
2025-09-07T23:39:02.030Z,profit_return,111.77638900876161,4855.655718343335,4967.432107352097,85,EPjFWdd5... | P&L: +$77.78 | Hold: 15.0m
2025-09-07T23:39:04.012Z,profit_return,42.622391170324235,4967.432107352097,5010.054498522421,85,7hR75tcq... | P&L: +$8.62 | Hold: 1.0m
2025-09-07T23:39:04.220Z,trade_execution,-34,5010.054498522421,4976.054498522421,86,Trade #86 executed: B8RHrVBx...
2025-09-07T23:39:04.516Z,trade_execution,-34,5009.671886925128,4975.671886925128,87,Trade #87 executed: 3FUBPY1A...
2025-09-07T23:39:04.584Z,loss_return,26.75736441408418,4969.130266769373,4995.8876311834565,87,7N45Ln9o... | P&L: $-7.24 | Hold: 3.0m
2025-09-07T23:39:06.410Z,trade_execution,-34,4995.8876311834565,4961.8876311834565,88,Trade #88 executed: HELrVzNm...
2025-09-07T23:40:00.807Z,profit_return,74.5996646667634,5084.93209331081,5159.531757977574,88,2GCyaZ5n... | P&L: +$40.60 | Hold: 15.0m
2025-09-07T23:40:02.019Z,profit_return,72.62836895000237,5159.531757977574,5232.160126927576,88,7gd5NBMq... | P&L: +$38.63 | Hold: 15.0m
2025-09-07T23:40:02.796Z,trade_execution,-34,5232.160126927576,5198.160126927576,89,Trade #89 executed: 3ANhFHvk...
2025-09-07T23:40:03.529Z,trade_execution,-34,5186.822286134621,5152.822286134621,90,Trade #90 executed: HLM7JcPR...
2025-09-07T23:40:04.008Z,profit_return,62.17595231499783,5143.99660551456,5206.172557829557,90,7hR75tcq... | P&L: +$28.18 | Hold: 2.0m
2025-09-07T23:40:04.229Z,profit_return,56.351978320397116,5206.172557829557,5262.524536149955,90,B8RHrVBx... | P&L: +$22.35 | Hold: 1.0m
2025-09-07T23:40:06.426Z,profit_return,76.340954038029,5309.316568177557,5385.657522215586,90,HELrVzNm... | P&L: +$42.34 | Hold: 1.0m
2025-09-07T23:40:06.756Z,trade_execution,-34,5423.406849919024,5389.406849919024,91,Trade #91 executed: 5FE72dX7...
2025-09-07T23:41:00.318Z,profit_return,148.90413992160848,5378.99909864329,5527.903238564899,91,BP2Z2Xnn... | P&L: +$114.90 | Hold: 15.0m
2025-09-07T23:41:00.743Z,profit_return,132.61716589903673,5525.217091779646,5657.834257678683,91,84YvqFFv... | P&L: +$98.62 | Hold: 10.0m
2025-09-07T23:41:00.834Z,profit_return,60.09482181576445,5657.834257678683,5717.929079494447,91,3tdJoHDe... | P&L: +$26.09 | Hold: 3.0m
2025-09-07T23:41:03.781Z,trade_execution,-34,5717.929079494447,5683.929079494447,92,Trade #92 executed: FeyRHRuT...
2025-09-07T23:41:04.525Z,loss_return,30.12165516668002,5710.194455243642,5740.316110410322,92,3FUBPY1A... | P&L: $-3.88 | Hold: 2.0m
2025-09-07T23:41:06.426Z,loss_return,20.90591637873588,5740.316110410322,5761.222026789058,92,HELrVzNm... | P&L: $-13.09 | Hold: 2.0m
2025-09-07T23:41:07.118Z,trade_execution,-34,5761.222026789058,5727.222026789058,93,Trade #93 executed: 9FrqZJtn...
2025-09-07T23:42:33.343Z,profit_return,35.774996405050395,5734.676856597512,5770.4518530025625,93,4S5jkMcN... | P&L: +$1.77 | Hold: 5.5m
2025-09-07T23:42:33.349Z,loss_return,17.640876381512708,5770.4518530025625,5788.092729384075,93,HLM7JcPR... | P&L: $-16.36 | Hold: 2.5m
2025-09-07T23:42:33.361Z,profit_return,79.05851308011049,5788.092729384075,5867.151242464185,93,5FE72dX7... | P&L: +$45.06 | Hold: 2.4m
2025-09-07T23:42:33.368Z,profit_return,60.828092223554165,5867.151242464185,5927.9793346877395,93,FeyRHRuT... | P&L: +$26.83 | Hold: 1.5m
2025-09-08T00:26:00.016Z,profit_return,59.717010485810945,5927.9793346877395,5987.69634517355,93,3tdJoHDe... | P&L: +$25.72 | Hold: 48.0m
2025-09-08T00:26:00.026Z,loss_return,32.49529526392076,5987.69634517355,6020.191640437471,93,7hR75tcq... | P&L: $-1.50 | Hold: 47.9m
2025-09-08T00:26:00.029Z,profit_return,35.45102790869198,6020.191640437471,6055.642668346162,93,J3oWJafx... | P&L: +$1.45 | Hold: 47.9m
2025-09-08T00:26:00.033Z,profit_return,39.709906632347135,6055.642668346162,6095.352574978509,93,EY9Yzz2U... | P&L: +$5.71 | Hold: 47.0m
2025-09-08T00:26:00.048Z,profit_return,35.288046522418156,6095.352574978509,6130.640621500927,93,B8RHrVBx... | P&L: +$1.29 | Hold: 46.9m
2025-09-08T00:26:00.051Z,profit_return,40.67831503122521,6130.640621500927,6171.318936532152,93,3ANhFHvk... | P&L: +$6.68 | Hold: 46.0m
2025-09-08T00:26:00.055Z,loss_return,25.430125083038742,6171.318936532152,6196.749061615191,93,5FE72dX7... | P&L: $-8.57 | Hold: 45.9m
2025-09-08T00:26:00.065Z,profit_return,37.681788025086206,6202.513611613745,6240.195399638831,93,D77Yq46c... | P&L: +$3.68 | Hold: 57.0m
2025-09-08T00:26:00.068Z,profit_return,70.06891131694611,6240.195399638831,6310.264310955778,93,2sha2cta... | P&L: +$36.07 | Hold: 56.9m
2025-09-08T00:26:00.071Z,loss_return,31.245221117867743,6310.264310955778,6341.5095320736455,93,So111111... | P&L: $-2.75 | Hold: 54.9m
2025-09-08T00:26:00.089Z,profit_return,80.60776672675456,6388.422401568243,6469.030168294998,93,AW9F2qwt... | P&L: +$46.61 | Hold: 54.0m
2025-09-08T00:26:00.093Z,profit_return,282.9624413204464,6469.030168294998,6751.992609615444,93,LGajffMj... | P&L: +$248.96 | Hold: 52.9m
2025-09-08T00:26:00.097Z,loss_return,32.876715604861786,6751.992609615444,6784.869325220306,93,2iUnxsdi... | P&L: $-1.12 | Hold: 52.9m
2025-09-08T00:26:00.101Z,profit_return,35.005619461909184,6784.869325220306,6819.874944682215,93,C4NTXG63... | P&L: +$1.01 | Hold: 52.0m
2025-09-08T00:26:00.105Z,profit_return,120.42099159595298,6819.874944682215,6940.295936278168,93,61ZyozCB... | P&L: +$86.42 | Hold: 50.0m
2025-09-08T00:26:00.107Z,loss_return,24.657800000172074,6940.295936278168,6964.953736278339,93,H729LNbc... | P&L: $-9.34 | Hold: 49.9m
2025-09-08T00:26:00.128Z,profit_return,148.2879801081548,3000,3148.287980108155,93,DAfyMT3y... | P&L: +$114.29 | Hold: 49.0m
2025-09-08T00:26:00.132Z,profit_return,119.87040766520599,3148.287980108155,3268.158387773361,93,CfKrQFdT... | P&L: +$85.87 | Hold: 49.0m
2025-09-08T00:26:00.143Z,profit_return,113.2410113930571,3268.158387773361,3381.3993991664183,93,3tdJoHDe... | P&L: +$79.24 | Hold: 48.0m
2025-09-08T00:26:00.152Z,profit_return,261.8582125529391,3403.0706259936023,3664.9288385465416,93,FeyRHRuT... | P&L: +$227.86 | Hold: 44.9m
2025-09-08T00:26:00.159Z,loss_return,24.838008992585603,3664.9288385465416,3689.766847539127,93,6v1yVyxo... | P&L: $-9.16 | Hold: 70.5m
2025-09-08T00:26:00.163Z,profit_return,174.79059386261974,3689.7668475391265,3864.5574414017465,93,FA532HAN... | P&L: +$140.79 | Hold: 70.4m
2025-09-08T00:26:00.171Z,profit_return,77.86927595998287,3864.5574414017465,3942.4267173617295,93,Agc8J2NV... | P&L: +$43.87 | Hold: 69.9m
2025-09-08T00:26:00.174Z,loss_return,31.509206341097613,3942.4267173617295,3973.935923702827,93,ABbBHxig... | P&L: $-2.49 | Hold: 69.0m
2025-09-08T00:26:00.187Z,loss_return,33.70283538880506,3973.935923702827,4007.638759091632,93,HjjmgBxt... | P&L: $-0.30 | Hold: 69.0m
2025-09-08T00:26:00.193Z,profit_return,40.92332762831713,4007.638759091632,4048.562086719949,93,6uYZhysw... | P&L: +$6.92 | Hold: 69.0m
2025-09-08T00:26:00.206Z,loss_return,32.924560512285055,4048.562086719949,4081.486647232234,93,USD1ttGY... | P&L: $-1.08 | Hold: 68.9m
2025-09-08T00:26:00.218Z,profit_return,120.46694379901918,4081.486647232234,4201.953591031253,93,48TqCgU8... | P&L: +$86.47 | Hold: 68.9m
2025-09-08T00:26:00.223Z,profit_return,41.16189762312972,4201.953591031253,4243.115488654383,93,FZVXdmbF... | P&L: +$7.16 | Hold: 68.0m
2025-09-08T00:26:00.227Z,loss_return,27.91003716739456,4243.115488654383,4271.025525821778,93,FWtuwdtQ... | P&L: $-6.09 | Hold: 67.9m
2025-09-08T00:26:00.239Z,profit_return,175.4885456201841,4271.025525821778,4446.514071441961,93,7zpKeXLX... | P&L: +$141.49 | Hold: 66.9m
2025-09-08T00:26:00.245Z,loss_return,30.77212708256034,4446.514071441961,4477.286198524522,93,EUcJqyUt... | P&L: $-3.23 | Hold: 66.0m
2025-09-08T00:39:07.456Z,profit_return,192.33040759219423,4477.286198524522,4669.616606116716,93,7PPYKWsQ... | P&L: +$158.33 | Hold: 79.1m
2025-09-08T00:39:07.474Z,loss_return,33.212364296339096,4669.616606116716,4702.828970413055,93,FAjhA7pv... | P&L: $-0.79 | Hold: 79.0m
2025-09-08T00:39:07.481Z,profit_return,38.82414214285289,4702.828970413055,4741.653112555908,93,EgyZEcJu... | P&L: +$4.82 | Hold: 77.6m
2025-09-08T00:39:07.486Z,loss_return,31.811428481806175,4741.653112555908,4773.464541037714,93,kqEk1tmm... | P&L: $-2.19 | Hold: 77.1m
2025-09-08T00:39:07.508Z,profit_return,61.43869895482506,4773.464541037714,4834.903239992539,93,4apQy6Mv... | P&L: +$27.44 | Hold: 77.1m
2025-09-08T00:39:07.513Z,loss_return,24.65895137169921,4834.903239992539,4859.562191364238,93,9QAvxdo1... | P&L: $-9.34 | Hold: 77.0m
2025-09-08T00:39:07.518Z,profit_return,40.450642768701044,4859.562191364238,4900.012834132939,93,7DtLCF5N... | P&L: +$6.45 | Hold: 76.1m
2025-09-08T00:39:07.523Z,profit_return,37.26439893544884,4900.012834132939,4937.277233068388,93,FWVvcPoa... | P&L: +$3.26 | Hold: 76.1m
2025-09-08T00:39:07.531Z,loss_return,26.70493634751061,4937.277233068388,4963.982169415899,93,BazP91TT... | P&L: $-7.30 | Hold: 76.0m
2025-09-08T00:39:07.548Z,loss_return,32.23614660030922,4963.982169415899,4996.2183160162085,93,2ZH75FVY... | P&L: $-1.76 | Hold: 75.1m
2025-09-08T00:39:07.590Z,profit_return,35.18251287309513,4996.2183160162085,5031.400828889304,93,DfKAentV... | P&L: +$1.18 | Hold: 75.1m
2025-09-08T00:39:07.622Z,profit_return,35.32457047139649,5031.400828889304,5066.7253993607,93,2GCyaZ5n... | P&L: +$1.32 | Hold: 74.1m
2025-09-08T00:39:07.644Z,profit_return,40.65602417821809,5066.7253993607,5107.381423538918,93,7gd5NBMq... | P&L: +$6.66 | Hold: 74.1m
2025-09-08T00:39:07.649Z,loss_return,33.800489340705454,5107.381423538918,5141.181912879623,93,DQw2LchX... | P&L: $-0.20 | Hold: 73.1m
2025-09-08T00:39:07.659Z,loss_return,24.92769743471588,5141.181912879623,5166.109610314339,93,5oBLZgYQ... | P&L: $-9.07 | Hold: 73.0m
2025-09-08T00:39:07.676Z,profit_return,35.72782150841183,5166.109610314339,5201.837431822751,93,ADSXPGwP... | P&L: +$1.73 | Hold: 73.0m
2025-09-08T00:39:07.685Z,profit_return,56.872142538359284,5201.837431822751,5258.70957436111,93,AW9F2qwt... | P&L: +$22.87 | Hold: 67.1m
2025-09-08T00:39:07.708Z,profit_return,69.40116631361818,5258.70957436111,5328.110740674728,93,9FrqZJtn... | P&L: +$35.40 | Hold: 58.0m
2025-09-08T00:40:08.344Z,profit_return,43.70133657584043,5328.110740674728,5371.812077250568,93,Agc8J2NV... | P&L: +$9.70 | Hold: 84.0m
2025-09-08T00:40:08.347Z,loss_return,33.522226503280294,5371.812077250568,5405.334303753848,93,4apQy6Mv... | P&L: $-0.48 | Hold: 78.1m
2025-09-08T01:16:26.638Z,trade_execution,-34,5405.334303753848,5371.334303753848,94,Trade #94 executed: Esg5TYye...
2025-09-08T01:16:26.723Z,trade_execution,-34,5411.54504907325,5377.54504907325,95,Trade #95 executed: GXACz7Fs...
2025-09-08T01:16:26.905Z,trade_execution,-34,5412.950077579966,5378.950077579966,96,Trade #96 executed: 61Ru4T8K...
2025-09-08T01:16:26.990Z,trade_execution,-34,5390.491428319225,5356.491428319225,97,Trade #97 executed: 14SvXA58...
2025-09-08T01:16:27.050Z,trade_execution,-34,5366.402673227186,5332.402673227186,98,Trade #98 executed: 4PtVZuRN...
2025-09-08T01:16:27.921Z,trade_execution,-34,5426.861799498146,5392.861799498146,99,Trade #99 executed: 66ffipVS...
2025-09-08T01:17:01.512Z,trade_execution,-34,5424.299890897407,5390.299890897407,100,Trade #100 executed: E7HoF2UB...
2025-09-08T01:17:01.576Z,trade_execution,-34,5396.80292344375,5362.80292344375,101,Trade #101 executed: FXWbFuYS...
2025-09-08T01:17:01.609Z,trade_execution,-34,5373.015761603916,5339.015761603916,102,Trade #102 executed: FvGLu6CM...
2025-09-08T01:17:02.748Z,trade_execution,-34,5376.6588872115435,5342.6588872115435,103,Trade #103 executed: 8hdKVXiW...
2025-09-08T01:17:07.034Z,trade_execution,-34,5462.087437414918,5428.087437414918,104,Trade #104 executed: 4rZTXSLN...
2025-09-08T01:17:08.161Z,trade_execution,-34,5414.968764627176,5380.968764627176,105,Trade #105 executed: 874f8ke9...
2025-09-08T01:17:09.462Z,trade_execution,-34,5379.007345573047,5345.007345573047,106,Trade #106 executed: 8ZnD3qrJ...
