2025-08-11T08:30:58.182Z,pool_status,0,1000,1000,,Pool initialized with $1000 and $15.129999999999999 positions
2025-08-14T16:40:42.678Z,pool_status,0,300,300,,Pool initialized with $300 and $15.129999999999999 positions
2025-08-14T16:40:46.552Z,trade_execution,-15.129999999999999,300,284.87,1,Trade #1 executed: 22D4yD2J...
2025-08-14T16:40:46.598Z,trade_execution,-15.129999999999999,284.87,269.74,2,Trade #2 executed: 8dbyyXBm...
2025-08-14T16:40:46.629Z,trade_execution,-15.129999999999999,269.74,254.61,3,Trade #3 executed: FaKSgqib...
2025-08-14T16:40:46.775Z,trade_execution,-15.129999999999999,254.61,239.48000000000002,4,Trade #4 executed: 8dbyyXBm...
2025-08-14T16:40:46.824Z,trade_execution,-15.129999999999999,239.48000000000002,224.35000000000002,5,Trade #5 executed: waMSRNvv...
2025-08-14T16:40:46.854Z,trade_execution,-15.129999999999999,224.35000000000002,209.22000000000003,6,Trade #6 executed: 8dbyyXBm...
2025-08-14T16:40:46.879Z,trade_execution,-15.129999999999999,209.22000000000003,194.09000000000003,7,Trade #7 executed: 7r8g5Dq1...
2025-08-14T16:40:46.908Z,trade_execution,-15.129999999999999,194.09000000000003,178.96000000000004,8,Trade #8 executed: 4mp9NxyT...
2025-08-14T16:40:46.944Z,trade_execution,-15.129999999999999,178.96000000000004,163.83000000000004,9,Trade #9 executed: YuM5RvKu...
2025-08-14T16:40:47.033Z,trade_execution,-15.129999999999999,163.83000000000004,148.70000000000005,10,Trade #10 executed: FtkHNZGR...
2025-08-14T16:40:47.559Z,trade_execution,-15.129999999999999,148.70000000000005,133.57000000000005,11,Trade #11 executed: oPKLqMCu...
2025-08-14T16:40:47.632Z,trade_execution,-15.129999999999999,133.57000000000005,118.44000000000005,12,Trade #12 executed: oPKLqMCu...
2025-08-14T16:40:47.657Z,trade_execution,-15.129999999999999,118.44000000000005,103.31000000000006,13,Trade #13 executed: 72NPTdi5...
2025-08-14T16:40:47.787Z,trade_execution,-15.129999999999999,103.31000000000006,88.18000000000006,14,Trade #14 executed: B2kszv9s...
2025-08-14T16:40:47.814Z,trade_execution,-15.129999999999999,88.18000000000006,73.05000000000007,15,Trade #15 executed: 4mp9NxyT...
2025-08-14T16:40:47.949Z,trade_execution,-15.129999999999999,73.05000000000007,57.92000000000007,16,Trade #16 executed: kC8fiVJP...
2025-08-14T16:40:48.029Z,trade_execution,-15.129999999999999,57.92000000000007,42.79000000000008,17,Trade #17 executed: 6D6pNHZ5...
2025-08-14T16:40:48.152Z,trade_execution,-15.129999999999999,42.79000000000008,27.66000000000008,18,Trade #18 executed: 72NPTdi5...
2025-08-14T16:40:48.287Z,trade_execution,-15.129999999999999,27.66000000000008,12.53000000000008,19,Trade #19 executed: oPKLqMCu...
2025-08-14T16:41:16.914Z,profit_return,19.2613241686667,12.53000000000008,31.79132416866678,19,4mp9NxyT... | P&L: +$4.13 | Hold: 0.5m
2025-08-14T16:41:17.969Z,profit_return,19.05484548054255,31.79132416866678,50.84616964920933,19,kC8fiVJP... | P&L: +$3.92 | Hold: 0.5m
2025-08-14T16:41:18.033Z,profit_return,32.42026130507283,50.84616964920933,83.26643095428216,19,6D6pNHZ5... | P&L: +$17.29 | Hold: 0.5m
2025-08-14T16:41:44.697Z,trade_execution,-15.129999999999999,83.26643095428216,68.13643095428216,20,Trade #20 executed: BjDo38a7...
2025-08-14T16:41:45.712Z,trade_execution,-15.129999999999999,68.13643095428216,53.006430954282166,21,Trade #21 executed: Au2bXK3o...
2025-08-14T16:41:46.607Z,profit_return,32.797507820615124,53.006430954282166,85.80393877489729,21,8dbyyXBm... | P&L: +$17.67 | Hold: 1.0m
2025-08-14T16:41:46.918Z,profit_return,26.947005835908495,85.80393877489729,112.75094461080579,21,4mp9NxyT... | P&L: +$11.82 | Hold: 1.0m
2025-08-14T16:42:14.707Z,profit_return,19.01932786197531,112.75094461080579,131.7702724727811,21,BjDo38a7... | P&L: +$3.89 | Hold: 0.5m
2025-08-14T16:42:21.234Z,trade_execution,-15.129999999999999,131.7702724727811,116.6402724727811,22,Trade #22 executed: SjSMtKGZ...
2025-08-14T16:42:21.355Z,trade_execution,-15.129999999999999,116.6402724727811,101.51027247278111,23,Trade #23 executed: 9GdCbgBH...
2025-08-14T16:42:21.417Z,trade_execution,-15.129999999999999,101.51027247278111,86.38027247278112,24,Trade #24 executed: 8GC1bHxL...
2025-08-14T16:42:21.449Z,trade_execution,-15.129999999999999,86.38027247278112,71.25027247278112,25,Trade #25 executed: 8GC1bHxL...
2025-08-14T16:42:21.505Z,trade_execution,-15.129999999999999,71.25027247278112,56.120272472781124,26,Trade #26 executed: Chi3ncdY...
2025-08-14T16:42:21.664Z,trade_execution,-15.129999999999999,56.120272472781124,40.99027247278113,27,Trade #27 executed: GYSvcnyz...
2025-08-14T16:42:22.287Z,trade_execution,-15.129999999999999,40.99027247278113,25.86027247278113,28,Trade #28 executed: HECfdNbg...
2025-08-14T16:42:22.345Z,trade_execution,-15.129999999999999,25.86027247278113,10.730272472781131,29,Trade #29 executed: EuRuhhCB...
2025-08-14T16:42:46.565Z,loss_return,14.176480207136796,10.730272472781133,24.90675267991793,29,22D4yD2J... | P&L: $-0.95 | Hold: 2.0m
2025-08-14T16:42:47.791Z,profit_return,94.42795040747691,24.90675267991793,119.33470308739484,29,B2kszv9s... | P&L: +$79.30 | Hold: 2.0m
2025-08-14T16:42:48.163Z,profit_return,34.44687278261135,119.33470308739483,153.78157587000618,29,72NPTdi5... | P&L: +$19.32 | Hold: 2.0m
2025-08-14T16:42:51.235Z,profit_return,35.80114944276159,153.78157587000618,189.58272531276776,29,SjSMtKGZ... | P&L: +$20.67 | Hold: 0.5m
2025-08-14T16:42:51.364Z,profit_return,19.520456238209228,189.58272531276776,209.10318155097698,29,9GdCbgBH... | P&L: +$4.39 | Hold: 0.5m
2025-08-14T16:42:52.335Z,profit_return,36.23401947628848,209.10318155097696,245.33720102726545,29,EuRuhhCB... | P&L: +$21.10 | Hold: 0.5m
2025-08-14T16:43:21.358Z,profit_return,34.114725688946336,245.33720102726545,279.4519267162118,29,9GdCbgBH... | P&L: +$18.98 | Hold: 1.0m
2025-08-14T16:43:21.409Z,profit_return,27.433506981326566,279.4519267162118,306.88543369753836,29,8GC1bHxL... | P&L: +$12.30 | Hold: 1.0m
2025-08-14T16:43:40.133Z,trade_execution,-15.129999999999999,306.88543369753836,291.75543369753836,30,Trade #30 executed: 47eV7MJM...
2025-08-14T16:43:41.239Z,trade_execution,-15.129999999999999,291.75543369753836,276.62543369753837,31,Trade #31 executed: 72NPTdi5...
2025-08-14T16:43:41.275Z,trade_execution,-15.129999999999999,276.62543369753837,261.4954336975384,32,Trade #32 executed: 5jsDG1re...
2025-08-14T16:43:41.379Z,trade_execution,-15.129999999999999,261.4954336975384,246.36543369753838,33,Trade #33 executed: 5BFihVhF...
2025-08-14T16:43:41.420Z,trade_execution,-15.129999999999999,246.36543369753838,231.23543369753838,34,Trade #34 executed: GvbPc28n...
2025-08-14T16:43:41.461Z,trade_execution,-15.129999999999999,231.23543369753838,216.1054336975384,35,Trade #35 executed: DWpjD1sc...
2025-08-14T16:43:41.485Z,trade_execution,-15.129999999999999,216.1054336975384,200.9754336975384,36,Trade #36 executed: AgwnFwBV...
2025-08-14T16:43:41.548Z,trade_execution,-15.129999999999999,200.9754336975384,185.8454336975384,37,Trade #37 executed: 72NPTdi5...
2025-08-14T16:43:41.571Z,trade_execution,-15.129999999999999,185.8454336975384,170.7154336975384,38,Trade #38 executed: 5jsDG1re...
2025-08-14T16:43:41.590Z,trade_execution,-15.129999999999999,170.7154336975384,155.5854336975384,39,Trade #39 executed: 5BFihVhF...
2025-08-14T16:43:41.766Z,trade_execution,-15.129999999999999,155.5854336975384,140.4554336975384,40,Trade #40 executed: So111111...
2025-08-14T16:43:42.371Z,trade_execution,-15.129999999999999,140.4554336975384,125.32543369753841,41,Trade #41 executed: 5BFihVhF...
2025-08-14T16:43:42.426Z,trade_execution,-15.129999999999999,125.32543369753841,110.19543369753842,42,Trade #42 executed: 5BFihVhF...
2025-08-14T16:43:42.445Z,trade_execution,-15.129999999999999,110.19543369753842,95.06543369753842,43,Trade #43 executed: 4MpiTiPF...
2025-08-14T16:43:42.534Z,trade_execution,-15.129999999999999,95.06543369753842,79.93543369753843,44,Trade #44 executed: 2FUjpcHs...
2025-08-14T16:43:42.646Z,trade_execution,-15.129999999999999,79.93543369753843,64.80543369753843,45,Trade #45 executed: 2FUjpcHs...
2025-08-14T16:43:42.689Z,trade_execution,-15.129999999999999,64.80543369753843,49.67543369753844,46,Trade #46 executed: 2FUjpcHs...
2025-08-14T16:43:42.723Z,trade_execution,-15.129999999999999,49.67543369753844,34.54543369753844,47,Trade #47 executed: 2FUjpcHs...
2025-08-14T16:43:43.014Z,trade_execution,-15.129999999999999,34.54543369753844,19.415433697538443,48,Trade #48 executed: 4MpiTiPF...
2025-08-14T16:43:43.030Z,trade_execution,-15.129999999999999,19.415433697538443,4.285433697538444,49,Trade #49 executed: GvbPc28n...
2025-08-14T16:43:44.701Z,profit_return,27.112691317674837,4.285433697538444,31.39812501521328,49,BjDo38a7... | P&L: +$11.98 | Hold: 2.0m
2025-08-14T16:43:46.607Z,profit_return,28.711361159224595,31.39812501521328,60.109486174437876,49,8dbyyXBm... | P&L: +$13.58 | Hold: 3.0m
2025-08-14T16:43:46.644Z,profit_return,32.3419882299182,60.109486174437876,92.45147440435608,49,FaKSgqib... | P&L: +$17.21 | Hold: 3.0m
2025-08-14T16:43:46.925Z,loss_return,15.074256113879317,92.45147440435608,107.52573051823539,49,4mp9NxyT... | P&L: $-0.06 | Hold: 3.0m
2025-08-14T16:43:46.959Z,loss_return,14.658971106946444,107.52573051823539,122.18470162518183,49,YuM5RvKu... | P&L: $-0.47 | Hold: 3.0m
2025-08-14T16:43:47.040Z,profit_return,25.441032253024755,122.18470162518182,147.62573387820657,49,FtkHNZGR... | P&L: +$10.31 | Hold: 3.0m
2025-08-14T16:43:48.310Z,profit_return,32.14323865308647,147.62573387820657,179.76897253129306,49,oPKLqMCu... | P&L: +$17.01 | Hold: 3.0m
2025-08-14T16:44:11.433Z,profit_return,19.25736375194556,179.76897253129306,199.0263362832386,49,GvbPc28n... | P&L: +$4.13 | Hold: 0.5m
2025-08-14T16:44:11.581Z,profit_return,27.62753794524842,199.0263362832386,226.65387422848704,49,5jsDG1re... | P&L: +$12.50 | Hold: 0.5m
2025-08-14T16:44:11.599Z,profit_return,25.751912256955237,226.65387422848704,252.40578648544226,49,5BFihVhF... | P&L: +$10.62 | Hold: 0.5m
2025-08-14T16:44:11.777Z,profit_return,33.623520210793075,252.40578648544226,286.0293066962353,49,So111111... | P&L: +$18.49 | Hold: 0.5m
2025-08-14T16:44:21.240Z,profit_return,35.94272472460517,286.0293066962353,321.9720314208405,49,SjSMtKGZ... | P&L: +$20.81 | Hold: 2.0m
2025-08-14T16:44:21.662Z,profit_return,25.769739620988133,321.9720314208405,347.74177104182866,49,GYSvcnyz... | P&L: +$10.64 | Hold: 2.0m
2025-08-14T16:44:41.236Z,trade_execution,-15.129999999999999,347.74177104182866,332.61177104182866,50,Trade #50 executed: 5BFihVhF...
2025-08-14T16:44:41.312Z,trade_execution,-15.129999999999999,332.61177104182866,317.48177104182867,51,Trade #51 executed: 5BFihVhF...
2025-08-14T16:44:41.358Z,trade_execution,-15.129999999999999,317.48177104182867,302.35177104182867,52,Trade #52 executed: 5BFihVhF...
2025-08-14T16:44:41.395Z,trade_execution,-15.129999999999999,302.35177104182867,287.2217710418287,53,Trade #53 executed: 5BFihVhF...
2025-08-14T16:44:41.421Z,trade_execution,-15.129999999999999,287.2217710418287,272.0917710418287,54,Trade #54 executed: 4ZpwFJLm...
2025-08-14T16:44:41.450Z,trade_execution,-15.129999999999999,272.0917710418287,256.9617710418287,55,Trade #55 executed: 5BFihVhF...
2025-08-14T16:44:41.495Z,trade_execution,-15.129999999999999,256.9617710418287,241.8317710418287,56,Trade #56 executed: 8GC1bHxL...
2025-08-14T16:44:41.543Z,trade_execution,-15.129999999999999,241.8317710418287,226.7017710418287,57,Trade #57 executed: 4ZpwFJLm...
2025-08-14T16:44:41.561Z,trade_execution,-15.129999999999999,226.7017710418287,211.5717710418287,58,Trade #58 executed: 5BFihVhF...
2025-08-14T16:44:41.603Z,profit_return,32.39857338493216,211.5717710418287,243.97034442676085,58,5jsDG1re... | P&L: +$17.27 | Hold: 1.0m
2025-08-14T16:44:41.650Z,trade_execution,-15.129999999999999,243.97034442676085,228.84034442676085,59,Trade #59 executed: 2U3NNoUm...
2025-08-14T16:44:42.352Z,trade_execution,-15.129999999999999,228.84034442676085,213.71034442676086,60,Trade #60 executed: GvbPc28n...
2025-08-14T16:44:42.401Z,trade_execution,-15.129999999999999,213.71034442676086,198.58034442676086,61,Trade #61 executed: 7mJtKvB2...
2025-08-14T16:44:42.409Z,profit_return,19.3746033684656,198.58034442676086,217.95494779522647,61,5BFihVhF... | P&L: +$4.24 | Hold: 0.0m
2025-08-14T16:44:42.424Z,trade_execution,-15.129999999999999,217.95494779522647,202.82494779522648,62,Trade #62 executed: GvbPc28n...
2025-08-14T16:44:42.440Z,trade_execution,-15.129999999999999,202.82494779522648,187.69494779522648,63,Trade #63 executed: XwCVxvYH...
2025-08-14T16:44:42.543Z,profit_return,26.788189302078038,187.69494779522648,214.4831370973045,63,2FUjpcHs... | P&L: +$11.66 | Hold: 1.0m
2025-08-14T16:44:42.658Z,profit_return,46.31632922641455,214.4831370973045,260.79946632371906,63,2FUjpcHs... | P&L: +$31.19 | Hold: 1.0m
2025-08-14T16:44:42.700Z,profit_return,49.60622356289528,260.7994663237191,310.40568988661437,63,2FUjpcHs... | P&L: +$34.48 | Hold: 1.0m
2025-08-14T16:44:43.042Z,profit_return,19.436800553884147,310.40568988661437,329.8424904404985,63,GvbPc28n... | P&L: +$4.31 | Hold: 0.0m
2025-08-14T16:44:43.385Z,trade_execution,-15.129999999999999,329.8424904404985,314.7124904404985,64,Trade #64 executed: 96B2UzMF...
2025-08-14T16:44:43.444Z,trade_execution,-15.129999999999999,314.7124904404985,299.58249044049853,65,Trade #65 executed: 5BFihVhF...
2025-08-14T16:44:43.462Z,trade_execution,-15.129999999999999,299.58249044049853,284.45249044049854,66,Trade #66 executed: B2kszv9s...
2025-08-14T16:44:43.518Z,trade_execution,-15.129999999999999,284.45249044049854,269.32249044049854,67,Trade #67 executed: 5BFihVhF...
2025-08-14T16:44:44.525Z,trade_execution,-15.129999999999999,269.32249044049854,254.19249044049855,68,Trade #68 executed: 7aZcifP7...
2025-08-14T16:44:44.672Z,trade_execution,-15.129999999999999,254.19249044049855,239.06249044049855,69,Trade #69 executed: F6vHo6Go...
2025-08-14T16:44:44.765Z,trade_execution,-15.129999999999999,239.06249044049855,223.93249044049855,70,Trade #70 executed: 7aZcifP7...
2025-08-14T16:44:44.789Z,trade_execution,-15.129999999999999,223.93249044049855,208.80249044049856,71,Trade #71 executed: 5BFihVhF...
2025-08-14T16:44:44.822Z,trade_execution,-15.129999999999999,208.80249044049856,193.67249044049856,72,Trade #72 executed: CTU3C1mg...
2025-08-14T16:44:44.872Z,trade_execution,-15.129999999999999,193.67249044049856,178.54249044049857,73,Trade #73 executed: 4TyRTY2U...
2025-08-14T16:44:44.900Z,trade_execution,-15.129999999999999,178.54249044049857,163.41249044049857,74,Trade #74 executed: EvShvRyY...
2025-08-14T16:44:44.932Z,trade_execution,-15.129999999999999,163.41249044049857,148.28249044049858,75,Trade #75 executed: 7r8g5Dq1...
2025-08-14T16:44:45.039Z,trade_execution,-15.129999999999999,148.28249044049858,133.15249044049858,76,Trade #76 executed: QstdsxSu...
2025-08-14T16:44:45.671Z,trade_execution,-15.129999999999999,133.15249044049858,118.02249044049859,77,Trade #77 executed: 7aZcifP7...
2025-08-14T16:44:45.704Z,trade_execution,-15.129999999999999,118.02249044049859,102.89249044049859,78,Trade #78 executed: 5BFihVhF...
2025-08-14T16:44:45.731Z,trade_execution,-15.129999999999999,102.89249044049859,87.7624904404986,79,Trade #79 executed: QstdsxSu...
2025-08-14T16:44:46.798Z,trade_execution,-15.129999999999999,87.7624904404986,72.6324904404986,80,Trade #80 executed: GvbPc28n...
2025-08-14T16:44:46.964Z,trade_execution,-15.129999999999999,72.6324904404986,57.502490440498605,81,Trade #81 executed: XwCVxvYH...
2025-08-14T16:44:47.790Z,trade_execution,-15.129999999999999,57.502490440498605,42.37249044049861,82,Trade #82 executed: 5BFihVhF...
2025-08-14T16:44:47.804Z,trade_execution,-15.129999999999999,42.37249044049861,27.24249044049861,83,Trade #83 executed: 4MpiTiPF...
2025-08-14T16:44:47.889Z,trade_execution,-15.129999999999999,27.24249044049861,12.112490440498611,84,Trade #84 executed: FprEbQ7h...
2025-08-14T16:45:11.252Z,profit_return,48.3537046979738,12.112490440498611,60.46619513847241,84,5BFihVhF... | P&L: +$33.22 | Hold: 0.4m
2025-08-14T16:45:11.456Z,profit_return,33.49828745285791,60.466195138472415,93.96448259133032,84,5BFihVhF... | P&L: +$18.37 | Hold: 0.4m
2025-08-14T16:45:12.425Z,profit_return,26.503021265497324,93.96448259133032,120.46750385682765,84,GvbPc28n... | P&L: +$11.37 | Hold: 0.4m
2025-08-14T16:45:12.442Z,profit_return,27.79149926658767,120.46750385682765,148.2590031234153,84,XwCVxvYH... | P&L: +$12.66 | Hold: 0.4m
2025-08-14T16:45:13.388Z,profit_return,27.86674418604261,148.2590031234153,176.12574730945792,84,96B2UzMF... | P&L: +$12.74 | Hold: 0.5m
2025-08-14T16:45:13.472Z,profit_return,19.352308158807812,176.12574730945792,195.47805546826572,84,B2kszv9s... | P&L: +$4.22 | Hold: 0.5m
2025-08-14T16:45:14.902Z,profit_return,25.800608366490877,195.47805546826572,221.2786638347566,84,EvShvRyY... | P&L: +$10.67 | Hold: 0.5m
2025-08-14T16:45:20.279Z,trade_execution,-15.129999999999999,221.2786638347566,206.1486638347566,85,Trade #85 executed: B2kszv9s...
2025-08-14T16:45:21.289Z,trade_execution,-15.129999999999999,206.1486638347566,191.0186638347566,86,Trade #86 executed: 8GC1bHxL...
2025-08-14T16:45:21.372Z,trade_execution,-15.129999999999999,191.0186638347566,175.8886638347566,87,Trade #87 executed: B2kszv9s...
2025-08-14T16:45:21.409Z,trade_execution,-15.129999999999999,175.8886638347566,160.75866383475662,88,Trade #88 executed: B1gzXwtx...
2025-08-14T16:45:21.469Z,trade_execution,-15.129999999999999,160.75866383475662,145.62866383475662,89,Trade #89 executed: GLXorGne...
2025-08-14T16:45:21.492Z,trade_execution,-15.129999999999999,145.62866383475662,130.49866383475663,90,Trade #90 executed: GLXorGne...
2025-08-14T16:45:21.522Z,trade_execution,-15.129999999999999,130.49866383475663,115.36866383475663,91,Trade #91 executed: 7aZcifP7...
2025-08-14T16:45:21.582Z,trade_execution,-15.129999999999999,115.36866383475663,100.23866383475664,92,Trade #92 executed: GLXorGne...
2025-08-14T16:45:21.599Z,trade_execution,-15.129999999999999,100.23866383475664,85.10866383475664,93,Trade #93 executed: 7679VYcD...
2025-08-14T16:45:21.622Z,trade_execution,-15.129999999999999,85.10866383475664,69.97866383475665,94,Trade #94 executed: 2X51AFmA...
2025-08-14T16:45:21.673Z,trade_execution,-15.129999999999999,69.97866383475665,54.84866383475665,95,Trade #95 executed: 9aGPMbia...
2025-08-14T16:45:21.720Z,trade_execution,-15.129999999999999,54.84866383475665,39.718663834756654,96,Trade #96 executed: B2kszv9s...
2025-08-14T16:45:21.737Z,trade_execution,-15.129999999999999,39.718663834756654,24.588663834756655,97,Trade #97 executed: GLXorGne...
2025-08-14T16:45:21.766Z,trade_execution,-15.129999999999999,24.588663834756655,9.458663834756656,98,Trade #98 executed: 8GC1bHxL...
2025-08-14T16:45:41.285Z,profit_return,34.907296491572055,9.458663834756656,44.36596032632871,98,5jsDG1re... | P&L: +$19.78 | Hold: 2.0m
2025-08-14T16:45:41.422Z,profit_return,26.9177701726891,44.365960326328704,71.2837304990178,98,4ZpwFJLm... | P&L: +$11.79 | Hold: 1.0m
2025-08-14T16:45:41.469Z,profit_return,25.9990261182241,71.28373049901782,97.28275661724192,98,DWpjD1sc... | P&L: +$10.87 | Hold: 2.0m
2025-08-14T16:45:41.556Z,profit_return,26.977218538368824,97.28275661724192,124.25997515561073,98,72NPTdi5... | P&L: +$11.85 | Hold: 2.0m
2025-08-14T16:45:42.743Z,profit_return,15.231479098570917,124.25997515561075,139.49145425418166,98,2FUjpcHs... | P&L: +$0.10 | Hold: 2.0m
2025-08-14T16:45:42.761Z,trade_execution,-15.129999999999999,139.49145425418166,124.36145425418167,99,Trade #99 executed: 72NPTdi5...
2025-08-14T16:45:44.535Z,profit_return,19.47941966621918,124.36145425418167,143.84087392040084,99,7aZcifP7... | P&L: +$4.35 | Hold: 0.4m
2025-08-14T16:45:44.873Z,profit_return,19.497005275915484,143.84087392040084,163.33787919631632,99,4TyRTY2U... | P&L: +$4.37 | Hold: 1.0m
2025-08-14T16:45:47.791Z,profit_return,19.455336545349155,163.33787919631632,182.79321574166548,99,B2kszv9s... | P&L: +$4.33 | Hold: 0.4m
2025-08-14T16:45:48.033Z,loss_return,12.48459252915038,182.79321574166548,195.27780827081585,99,6D6pNHZ5... | P&L: $-2.65 | Hold: 5.0m
2025-08-14T16:45:48.157Z,profit_return,19.397812034083103,195.27780827081585,214.67562030489896,99,72NPTdi5... | P&L: +$4.27 | Hold: 0.1m
2025-08-14T16:45:51.470Z,profit_return,19.50319975119336,214.67562030489896,234.17882005609232,99,GLXorGne... | P&L: +$4.37 | Hold: 0.5m
2025-08-14T16:45:51.502Z,trade_execution,-15.129999999999999,234.17882005609232,219.04882005609232,100,Trade #100 executed: HzxUH1wX...
2025-08-14T16:45:51.563Z,trade_execution,-15.129999999999999,219.04882005609232,203.91882005609233,101,Trade #101 executed: G8PLwSMR...
2025-08-14T16:45:51.581Z,trade_execution,-15.129999999999999,203.91882005609233,188.78882005609233,102,Trade #102 executed: HECfdNbg...
2025-08-14T16:45:51.684Z,trade_execution,-15.129999999999999,188.78882005609233,173.65882005609234,103,Trade #103 executed: 8GC1bHxL...
2025-08-14T16:45:51.709Z,trade_execution,-15.129999999999999,173.65882005609234,158.52882005609234,104,Trade #104 executed: 91hud18z...
2025-08-14T16:45:51.762Z,trade_execution,-15.129999999999999,158.52882005609234,143.39882005609235,105,Trade #105 executed: GvbPc28n...
2025-08-14T16:45:51.793Z,trade_execution,-15.129999999999999,143.39882005609235,128.26882005609235,106,Trade #106 executed: 3qWAmQri...
2025-08-14T16:45:51.926Z,trade_execution,-15.129999999999999,128.26882005609235,113.13882005609236,107,Trade #107 executed: 5BFihVhF...
2025-08-14T16:45:51.958Z,trade_execution,-15.129999999999999,113.13882005609236,98.00882005609236,108,Trade #108 executed: 3qWAmQri...
2025-08-14T16:45:52.316Z,trade_execution,-15.129999999999999,98.00882005609236,82.87882005609237,109,Trade #109 executed: 6joQ66et...
2025-08-14T16:45:52.342Z,trade_execution,-15.129999999999999,82.87882005609237,67.74882005609237,110,Trade #110 executed: HzxUH1wX...
2025-08-14T16:45:52.392Z,trade_execution,-15.129999999999999,67.74882005609237,52.618820056092375,111,Trade #111 executed: 5BFihVhF...
2025-08-14T16:45:52.451Z,trade_execution,-15.129999999999999,52.618820056092375,37.48882005609238,112,Trade #112 executed: 5BFihVhF...
2025-08-14T16:45:52.597Z,trade_execution,-15.129999999999999,37.48882005609238,22.35882005609238,113,Trade #113 executed: 5BFihVhF...
2025-08-14T16:45:53.463Z,trade_execution,-15.129999999999999,22.35882005609238,7.228820056092381,114,Trade #114 executed: 5BFihVhF...
2025-08-14T16:46:21.766Z,profit_return,19.13491989891487,7.228820056092381,26.36373995500725,114,GvbPc28n... | P&L: +$4.00 | Hold: 0.5m
2025-08-14T16:46:22.347Z,profit_return,32.407133384370695,26.363739955007247,58.77087333937794,114,HzxUH1wX... | P&L: +$17.28 | Hold: 0.5m
2025-08-14T16:46:41.340Z,trade_execution,-15.129999999999999,58.77087333937794,43.64087333937795,115,Trade #115 executed: 5BFihVhF...
2025-08-14T16:46:41.366Z,trade_execution,-15.129999999999999,43.64087333937795,28.510873339377948,116,Trade #116 executed: 5BFihVhF...
2025-08-14T16:46:41.397Z,profit_return,25.5682454767732,28.51087333937795,54.07911881615115,116,5BFihVhF... | P&L: +$10.44 | Hold: 0.0m
2025-08-14T16:46:41.457Z,trade_execution,-15.129999999999999,54.07911881615115,38.949118816151156,117,Trade #117 executed: 5BFihVhF...
2025-08-14T16:46:41.479Z,trade_execution,-15.129999999999999,38.949118816151156,23.819118816151157,118,Trade #118 executed: EQaQ9736...
2025-08-14T16:46:41.486Z,profit_return,50.70367834365085,23.81911881615116,74.52279715980201,118,DWpjD1sc... | P&L: +$35.57 | Hold: 3.0m
2025-08-14T16:46:41.569Z,profit_return,26.957474117528154,74.52279715980201,101.48027127733016,118,5BFihVhF... | P&L: +$11.83 | Hold: 0.0m
2025-08-14T16:46:42.367Z,trade_execution,-15.129999999999999,101.48027127733016,86.35027127733017,119,Trade #119 executed: GoKgJWAM...
2025-08-14T16:46:42.392Z,trade_execution,-15.129999999999999,86.35027127733017,71.22027127733017,120,Trade #120 executed: HQZ7pLHC...
2025-08-14T16:46:42.427Z,trade_execution,-15.129999999999999,71.22027127733017,56.090271277330174,121,Trade #121 executed: 5BFihVhF...
2025-08-14T16:46:42.473Z,profit_return,25.396192506593387,56.09027127733018,81.48646378392357,121,7mJtKvB2... | P&L: +$10.27 | Hold: 2.0m
2025-08-14T16:46:42.589Z,trade_execution,-15.129999999999999,81.48646378392357,66.35646378392357,122,Trade #122 executed: GvbPc28n...
2025-08-14T16:46:42.763Z,trade_execution,-15.129999999999999,66.35646378392357,51.22646378392358,123,Trade #123 executed: J7VzcqB5...
2025-08-14T16:46:43.451Z,trade_execution,-15.129999999999999,51.22646378392358,36.09646378392358,124,Trade #124 executed: 9K3jED13...
2025-08-14T16:46:43.475Z,trade_execution,-15.129999999999999,36.09646378392358,20.966463783923583,125,Trade #125 executed: 51Jm7dUC...
2025-08-14T16:46:43.514Z,trade_execution,-15.129999999999999,20.966463783923583,5.836463783923584,126,Trade #126 executed: DqfLo28c...
2025-08-14T16:46:44.766Z,profit_return,52.88467325801595,5.836463783923584,58.721137041939535,126,7aZcifP7... | P&L: +$37.75 | Hold: 1.4m
2025-08-14T16:46:47.789Z,profit_return,34.808006856091836,58.72113704193954,93.52914389803138,126,5BFihVhF... | P&L: +$19.68 | Hold: 0.1m
2025-08-14T16:46:51.690Z,profit_return,25.851963926205038,93.52914389803138,119.38110782423641,126,8GC1bHxL... | P&L: +$10.72 | Hold: 1.0m
2025-08-14T16:46:51.793Z,profit_return,27.01452134675543,119.38110782423641,146.39562917099184,126,3qWAmQri... | P&L: +$11.88 | Hold: 1.0m
2025-08-14T16:46:51.928Z,profit_return,27.41772697751837,146.3956291709918,173.8133561485102,126,5BFihVhF... | P&L: +$12.29 | Hold: 0.2m
2025-08-14T16:46:52.350Z,profit_return,32.33237405723943,173.8133561485102,206.14573020574963,126,HzxUH1wX... | P&L: +$17.20 | Hold: 1.0m
2025-08-14T16:47:01.289Z,trade_execution,-15.129999999999999,206.14573020574963,191.01573020574963,127,Trade #127 executed: 9jYb9oRv...
2025-08-14T16:47:02.403Z,trade_execution,-15.129999999999999,191.01573020574963,175.88573020574964,128,Trade #128 executed: 689kNXAt...
2025-08-14T16:47:02.439Z,trade_execution,-15.129999999999999,175.88573020574964,160.75573020574964,129,Trade #129 executed: E7XKJMhC...
2025-08-14T16:47:02.484Z,trade_execution,-15.129999999999999,160.75573020574964,145.62573020574965,130,Trade #130 executed: 47ntccdP...
2025-08-14T16:47:02.535Z,trade_execution,-15.129999999999999,145.62573020574965,130.49573020574965,131,Trade #131 executed: DqfLo28c...
2025-08-14T16:47:02.587Z,trade_execution,-15.129999999999999,130.49573020574965,115.36573020574966,132,Trade #132 executed: DqfLo28c...
2025-08-14T16:47:02.612Z,trade_execution,-15.129999999999999,115.36573020574966,100.23573020574966,133,Trade #133 executed: 689kNXAt...
2025-08-14T16:47:02.708Z,trade_execution,-15.129999999999999,100.23573020574966,85.10573020574967,134,Trade #134 executed: M7Vg2KS2...
2025-08-14T16:47:02.733Z,trade_execution,-15.129999999999999,85.10573020574967,69.97573020574967,135,Trade #135 executed: J1C5V2Pq...
2025-08-14T16:47:02.769Z,trade_execution,-15.129999999999999,69.97573020574967,54.845730205749675,136,Trade #136 executed: waMSRNvv...
2025-08-14T16:47:03.457Z,trade_execution,-15.129999999999999,54.845730205749675,39.71573020574968,137,Trade #137 executed: DqfLo28c...
2025-08-14T16:47:03.476Z,trade_execution,-15.129999999999999,39.71573020574968,24.58573020574968,138,Trade #138 executed: 689kNXAt...
2025-08-14T16:47:03.597Z,trade_execution,-15.129999999999999,24.58573020574968,9.455730205749681,139,Trade #139 executed: 689kNXAt...
2025-08-14T16:47:12.429Z,profit_return,34.23936794019552,9.455730205749681,43.6950981459452,139,5BFihVhF... | P&L: +$19.11 | Hold: 0.5m
2025-08-14T16:47:12.765Z,profit_return,27.415623339116777,43.69509814594521,71.11072148506199,139,J7VzcqB5... | P&L: +$12.29 | Hold: 0.5m
2025-08-14T16:47:13.777Z,trade_execution,-15.129999999999999,71.11072148506199,55.98072148506199,140,Trade #140 executed: GZmqRq2R...
2025-08-14T16:47:20.268Z,trade_execution,-15.129999999999999,55.98072148506199,40.850721485061996,141,Trade #141 executed: 8ApcQauz...
2025-08-14T16:47:20.280Z,profit_return,32.884995111100125,40.850721485061996,73.73571659616212,141,B2kszv9s... | P&L: +$17.75 | Hold: 2.0m
2025-08-14T16:47:21.245Z,trade_execution,-15.129999999999999,73.73571659616212,58.605716596162125,142,Trade #142 executed: VtMwz8W8...
2025-08-14T16:47:21.283Z,trade_execution,-15.129999999999999,58.605716596162125,43.47571659616213,143,Trade #143 executed: A6fX9h6N...
2025-08-14T16:47:21.493Z,trade_execution,-15.129999999999999,43.47571659616213,28.34571659616213,144,Trade #144 executed: AsJU6AEJ...
2025-08-14T16:47:21.500Z,profit_return,27.525242658016253,28.345716596162134,55.87095925417839,144,Chi3ncdY... | P&L: +$12.40 | Hold: 5.0m
2025-08-14T16:47:21.598Z,profit_return,26.224973575756923,55.87095925417839,82.09593282993531,144,7679VYcD... | P&L: +$11.09 | Hold: 2.0m
2025-08-14T16:47:21.661Z,profit_return,15.403690261118497,82.09593282993531,97.4996230910538,144,GYSvcnyz... | P&L: +$0.27 | Hold: 5.0m
2025-08-14T16:47:21.675Z,profit_return,49.555710754011585,97.49962309105379,147.05533384506538,144,9aGPMbia... | P&L: +$34.43 | Hold: 2.0m
2025-08-14T16:47:21.777Z,profit_return,27.876059447038042,147.05533384506538,174.93139329210342,144,8GC1bHxL... | P&L: +$12.75 | Hold: 1.5m
2025-08-14T16:47:22.354Z,trade_execution,-15.129999999999999,174.93139329210342,159.80139329210343,145,Trade #145 executed: DqfLo28c...
2025-08-14T16:47:22.514Z,trade_execution,-15.129999999999999,159.80139329210343,144.67139329210343,146,Trade #146 executed: 8GC1bHxL...
2025-08-14T16:47:22.570Z,trade_execution,-15.129999999999999,144.67139329210343,129.54139329210344,147,Trade #147 executed: 14j8tESD...
2025-08-14T16:47:22.683Z,trade_execution,-15.129999999999999,129.54139329210344,114.41139329210344,148,Trade #148 executed: 3V3Ukk7H...
2025-08-14T16:47:22.741Z,trade_execution,-15.129999999999999,114.41139329210344,99.28139329210344,149,Trade #149 executed: A6fX9h6N...
2025-08-14T16:47:22.771Z,trade_execution,-15.129999999999999,99.28139329210344,84.15139329210345,150,Trade #150 executed: EuRuhhCB...
2025-08-14T16:47:23.452Z,trade_execution,-15.129999999999999,84.15139329210345,69.02139329210345,151,Trade #151 executed: 6iAncZ44...
2025-08-14T16:47:23.469Z,trade_execution,-15.129999999999999,69.02139329210345,53.89139329210346,152,Trade #152 executed: ifqrghe8...
2025-08-14T16:47:23.504Z,trade_execution,-15.129999999999999,53.89139329210346,38.76139329210346,153,Trade #153 executed: 8EdY9Jio...
2025-08-14T16:47:23.627Z,trade_execution,-15.129999999999999,38.76139329210346,23.631393292103464,154,Trade #154 executed: 6iAncZ44...
2025-08-14T16:47:23.665Z,trade_execution,-15.129999999999999,23.631393292103464,8.501393292103465,155,Trade #155 executed: 6iAncZ44...
2025-08-14T16:47:32.411Z,profit_return,19.38185532965142,8.501393292103465,27.883248621754884,155,689kNXAt... | P&L: +$4.25 | Hold: 0.5m
2025-08-14T16:47:32.442Z,profit_return,26.53446846351276,27.88324862175488,54.41771708526764,155,E7XKJMhC... | P&L: +$11.40 | Hold: 0.5m
2025-08-14T16:47:41.551Z,profit_return,52.43685242385591,54.41771708526764,106.85456950912355,155,4ZpwFJLm... | P&L: +$37.31 | Hold: 3.0m
2025-08-14T16:47:41.650Z,profit_return,27.641113065004657,106.85456950912355,134.4956825741282,155,2U3NNoUm... | P&L: +$12.51 | Hold: 3.0m
2025-08-14T16:47:42.358Z,profit_return,27.286544612287457,134.4956825741282,161.78222718641567,155,GvbPc28n... | P&L: +$12.16 | Hold: 1.0m
2025-08-14T16:47:42.371Z,profit_return,34.87254468798933,161.7822271864157,196.65477187440501,155,GoKgJWAM... | P&L: +$19.74 | Hold: 1.0m
2025-08-14T16:47:43.515Z,profit_return,27.529966591206904,196.65477187440501,224.18473846561193,155,DqfLo28c... | P&L: +$12.40 | Hold: 0.4m
2025-08-14T16:47:44.673Z,profit_return,31.725791273967257,224.18473846561193,255.91052973957918,155,F6vHo6Go... | P&L: +$16.60 | Hold: 3.0m
2025-08-14T16:47:44.842Z,loss_return,7.862733633779051,255.9105297395792,263.77326337335825,155,CTU3C1mg... | P&L: $-7.27 | Hold: 3.0m
2025-08-14T16:47:44.890Z,loss_return,13.386969183127796,263.77326337335825,277.16023255648605,155,4TyRTY2U... | P&L: $-1.74 | Hold: 3.0m
2025-08-14T16:47:44.935Z,profit_return,27.422699673862816,277.16023255648605,304.5829322303489,155,7r8g5Dq1... | P&L: +$12.29 | Hold: 3.0m
2025-08-14T16:47:45.686Z,loss_return,13.860067170396064,304.5829322303489,318.44299940074495,155,7aZcifP7... | P&L: $-1.27 | Hold: 2.4m
2025-08-14T16:47:45.730Z,profit_return,19.166294507575486,318.44299940074495,337.6092939083204,155,QstdsxSu... | P&L: +$4.04 | Hold: 3.0m
2025-08-14T16:47:47.809Z,profit_return,19.84595236072319,337.6092939083204,357.4552462690436,155,4MpiTiPF... | P&L: +$4.72 | Hold: 3.0m
2025-08-14T16:47:51.564Z,profit_return,19.129238224109542,357.4552462690436,376.5844844931531,155,G8PLwSMR... | P&L: +$4.00 | Hold: 2.0m
2025-08-14T16:47:51.580Z,profit_return,19.071459538306623,376.5844844931531,395.65594403145974,155,HECfdNbg... | P&L: +$3.94 | Hold: 2.0m
2025-08-14T16:47:52.575Z,profit_return,19.587171199069775,395.65594403145974,415.2431152305295,155,14j8tESD... | P&L: +$4.46 | Hold: 0.5m
2025-08-14T16:47:52.683Z,profit_return,18.964584219204678,415.2431152305295,434.20769944973415,155,3V3Ukk7H... | P&L: +$3.83 | Hold: 0.5m
2025-08-14T16:47:53.638Z,profit_return,27.86665504084481,434.20769944973415,462.07435449057897,155,6iAncZ44... | P&L: +$12.74 | Hold: 0.5m
2025-08-14T16:48:21.581Z,profit_return,49.95781718916777,462.07435449057897,512.0321716797467,155,GLXorGne... | P&L: +$34.83 | Hold: 3.0m
2025-08-14T16:48:21.737Z,profit_return,17.3316024384133,512.0321716797467,529.36377411816,155,B2kszv9s... | P&L: +$2.20 | Hold: 3.0m
2025-08-14T16:48:21.775Z,profit_return,34.15613510770819,529.36377411816,563.5199092258682,155,8GC1bHxL... | P&L: +$19.03 | Hold: 1.0m
2025-08-14T16:48:23.505Z,profit_return,25.778418326628376,563.5199092258682,589.2983275524966,155,8EdY9Jio... | P&L: +$10.65 | Hold: 1.0m
2025-08-14T16:48:23.672Z,profit_return,32.11796098473202,589.2983275524966,621.4162885372286,155,6iAncZ44... | P&L: +$16.99 | Hold: 1.0m
2025-08-14T16:48:41.213Z,trade_execution,-15.129999999999999,621.4162885372286,606.2862885372286,156,Trade #156 executed: Gd5DavHi...
2025-08-14T16:48:41.251Z,trade_execution,-15.129999999999999,606.2862885372286,591.1562885372286,157,Trade #157 executed: Fu9e8fsL...
2025-08-14T16:48:41.294Z,trade_execution,-15.129999999999999,591.1562885372286,576.0262885372287,158,Trade #158 executed: HSed6UcD...
2025-08-14T16:48:41.390Z,trade_execution,-15.129999999999999,576.0262885372287,560.8962885372287,159,Trade #159 executed: 5nPASBj6...
2025-08-14T16:48:41.437Z,trade_execution,-15.129999999999999,560.8962885372287,545.7662885372287,160,Trade #160 executed: 4cBnaynn...
2025-08-14T16:48:41.540Z,trade_execution,-15.129999999999999,545.7662885372287,530.6362885372287,161,Trade #161 executed: Fu9e8fsL...
2025-08-14T16:48:41.561Z,trade_execution,-15.129999999999999,530.6362885372287,515.5062885372287,162,Trade #162 executed: B452ktvq...
2025-08-14T16:48:41.574Z,profit_return,27.533355798643885,515.5062885372287,543.0396443358726,162,AgwnFwBV... | P&L: +$12.40 | Hold: 5.0m
2025-08-14T16:48:41.615Z,trade_execution,-15.129999999999999,543.0396443358726,527.9096443358726,163,Trade #163 executed: B452ktvq...
2025-08-14T16:48:41.641Z,trade_execution,-15.129999999999999,527.9096443358726,512.7796443358726,164,Trade #164 executed: HSed6UcD...
2025-08-14T16:48:41.664Z,trade_execution,-15.129999999999999,512.7796443358726,497.6496443358726,165,Trade #165 executed: HSed6UcD...
2025-08-14T16:48:41.676Z,profit_return,15.15196434017101,497.64964433587267,512.8016086760437,165,5jsDG1re... | P&L: +$0.02 | Hold: 5.0m
2025-08-14T16:48:42.375Z,trade_execution,-15.129999999999999,512.8016086760437,497.67160867604366,166,Trade #166 executed: JfDa5Zji...
2025-08-14T16:48:42.389Z,trade_execution,-15.129999999999999,497.67160867604366,482.54160867604367,167,Trade #167 executed: JfDa5Zji...
2025-08-14T16:48:42.413Z,trade_execution,-15.129999999999999,482.54160867604367,467.41160867604367,168,Trade #168 executed: JfDa5Zji...
2025-08-14T16:48:42.464Z,profit_return,46.34428003381568,467.4116086760437,513.7558887098594,168,GoKgJWAM... | P&L: +$31.21 | Hold: 2.0m
2025-08-14T16:48:42.477Z,trade_execution,-15.129999999999999,513.7558887098594,498.6258887098594,169,Trade #169 executed: JfDa5Zji...
2025-08-14T16:48:42.502Z,trade_execution,-15.129999999999999,498.6258887098594,483.4958887098594,170,Trade #170 executed: JfDa5Zji...
2025-08-14T16:48:42.543Z,trade_execution,-15.129999999999999,483.4958887098594,468.3658887098594,171,Trade #171 executed: JfDa5Zji...
2025-08-14T16:48:42.569Z,trade_execution,-15.129999999999999,468.3658887098594,453.2358887098594,172,Trade #172 executed: JfDa5Zji...
2025-08-14T16:48:42.714Z,trade_execution,-15.129999999999999,453.2358887098594,438.1058887098594,173,Trade #173 executed: JfDa5Zji...
2025-08-14T16:48:42.770Z,trade_execution,-15.129999999999999,438.1058887098594,422.9758887098594,174,Trade #174 executed: JfDa5Zji...
2025-08-14T16:48:42.805Z,profit_return,27.118699234212542,422.9758887098594,450.094587944072,174,J7VzcqB5... | P&L: +$11.99 | Hold: 2.0m
2025-08-14T16:48:42.820Z,trade_execution,-15.129999999999999,450.094587944072,434.964587944072,175,Trade #175 executed: JfDa5Zji...
2025-08-14T16:48:42.903Z,trade_execution,-15.129999999999999,434.964587944072,419.834587944072,176,Trade #176 executed: JfDa5Zji...
2025-08-14T16:48:42.930Z,trade_execution,-15.129999999999999,419.834587944072,404.704587944072,177,Trade #177 executed: JfDa5Zji...
2025-08-14T16:48:43.024Z,trade_execution,-15.129999999999999,404.704587944072,389.574587944072,178,Trade #178 executed: JfDa5Zji...
2025-08-14T16:48:43.105Z,trade_execution,-15.129999999999999,389.574587944072,374.444587944072,179,Trade #179 executed: GvbPc28n...
2025-08-14T16:48:43.142Z,trade_execution,-15.129999999999999,374.444587944072,359.314587944072,180,Trade #180 executed: 8mWDmgM9...
2025-08-14T16:48:43.257Z,trade_execution,-15.129999999999999,359.314587944072,344.184587944072,181,Trade #181 executed: JfDa5Zji...
2025-08-14T16:48:43.276Z,trade_execution,-15.129999999999999,344.184587944072,329.054587944072,182,Trade #182 executed: JfDa5Zji...
2025-08-14T16:48:43.294Z,trade_execution,-15.129999999999999,329.054587944072,313.924587944072,183,Trade #183 executed: JfDa5Zji...
2025-08-14T16:48:43.313Z,trade_execution,-15.129999999999999,313.924587944072,298.794587944072,184,Trade #184 executed: JfDa5Zji...
2025-08-14T16:48:43.344Z,trade_execution,-15.129999999999999,298.794587944072,283.664587944072,185,Trade #185 executed: JfDa5Zji...
2025-08-14T16:48:43.392Z,trade_execution,-15.129999999999999,283.664587944072,268.53458794407203,186,Trade #186 executed: JfDa5Zji...
2025-08-14T16:48:43.520Z,trade_execution,-15.129999999999999,268.53458794407203,253.40458794407203,187,Trade #187 executed: Gd5DavHi...
2025-08-14T16:48:43.550Z,trade_execution,-15.129999999999999,253.40458794407203,238.27458794407204,188,Trade #188 executed: JfDa5Zji...
2025-08-14T16:48:43.599Z,trade_execution,-15.129999999999999,238.27458794407204,223.14458794407204,189,Trade #189 executed: JfDa5Zji...
2025-08-14T16:48:43.717Z,trade_execution,-15.129999999999999,223.14458794407204,208.01458794407205,190,Trade #190 executed: JfDa5Zji...
2025-08-14T16:48:43.781Z,trade_execution,-15.129999999999999,208.01458794407205,192.88458794407205,191,Trade #191 executed: JfDa5Zji...
2025-08-14T16:48:43.830Z,trade_execution,-15.129999999999999,192.88458794407205,177.75458794407206,192,Trade #192 executed: JfDa5Zji...
2025-08-14T16:48:43.893Z,trade_execution,-15.129999999999999,177.75458794407206,162.62458794407206,193,Trade #193 executed: JfDa5Zji...
2025-08-14T16:48:43.921Z,profit_return,32.49481538108601,162.62458794407206,195.1194033251581,193,9K3jED13... | P&L: +$17.36 | Hold: 2.0m
2025-08-14T16:48:44.147Z,trade_execution,-15.129999999999999,195.1194033251581,179.9894033251581,194,Trade #194 executed: J7VzcqB5...
2025-08-14T16:48:44.177Z,trade_execution,-15.129999999999999,179.9894033251581,164.8594033251581,195,Trade #195 executed: H8PYs7fZ...
2025-08-14T16:48:44.193Z,trade_execution,-15.129999999999999,164.8594033251581,149.7294033251581,196,Trade #196 executed: H8PYs7fZ...
2025-08-14T16:48:44.216Z,trade_execution,-15.129999999999999,149.7294033251581,134.5994033251581,197,Trade #197 executed: H8PYs7fZ...
2025-08-14T16:48:44.252Z,trade_execution,-15.129999999999999,134.5994033251581,119.46940332515811,198,Trade #198 executed: H8PYs7fZ...
2025-08-14T16:48:44.301Z,trade_execution,-15.129999999999999,119.46940332515811,104.33940332515812,199,Trade #199 executed: JfDa5Zji...
2025-08-14T16:48:44.318Z,trade_execution,-15.129999999999999,104.33940332515812,89.20940332515812,200,Trade #200 executed: JfDa5Zji...
2025-08-14T16:48:44.476Z,trade_execution,-15.129999999999999,89.20940332515812,74.07940332515813,201,Trade #201 executed: B2kszv9s...
2025-08-14T16:48:44.518Z,trade_execution,-15.129999999999999,74.07940332515813,58.94940332515813,202,Trade #202 executed: JfDa5Zji...
2025-08-14T16:48:44.549Z,trade_execution,-15.129999999999999,58.94940332515813,43.819403325158135,203,Trade #203 executed: HSed6UcD...
2025-08-14T16:48:44.592Z,trade_execution,-15.129999999999999,43.819403325158135,28.689403325158136,204,Trade #204 executed: HexFTDnW...
2025-08-14T16:48:44.658Z,trade_execution,-15.129999999999999,28.689403325158136,13.559403325158137,205,Trade #205 executed: H8PYs7fZ...
2025-08-14T16:48:51.584Z,profit_return,33.73025827985345,13.559403325158137,47.28966160501159,205,HECfdNbg... | P&L: +$18.60 | Hold: 3.0m
2025-08-14T16:48:52.356Z,profit_return,37.42083136881544,47.28966160501159,84.71049297382703,205,HzxUH1wX... | P&L: +$22.29 | Hold: 3.0m
2025-08-14T16:49:02.733Z,profit_return,51.78217886023921,84.71049297382703,136.49267183406624,205,J1C5V2Pq... | P&L: +$36.65 | Hold: 2.0m
2025-08-14T16:49:02.768Z,profit_return,32.79247904292251,136.49267183406624,169.28515087698875,205,waMSRNvv... | P&L: +$17.66 | Hold: 2.0m
2025-08-14T16:49:11.324Z,trade_execution,-15.129999999999999,169.28515087698875,154.15515087698876,206,Trade #206 executed: 8GC1bHxL...
2025-08-14T16:49:11.353Z,trade_execution,-15.129999999999999,154.15515087698876,139.02515087698876,207,Trade #207 executed: 3NaACZ8H...
2025-08-14T16:49:11.398Z,profit_return,19.195902630487137,139.02515087698876,158.2210535074759,207,HSed6UcD... | P&L: +$4.07 | Hold: 0.4m
2025-08-14T16:49:11.427Z,trade_execution,-15.129999999999999,158.2210535074759,143.0910535074759,208,Trade #208 executed: HSed6UcD...
2025-08-14T16:49:11.462Z,trade_execution,-15.129999999999999,143.0910535074759,127.9610535074759,209,Trade #209 executed: FCp16j6C...
2025-08-14T16:49:11.615Z,profit_return,25.555958346334847,127.9610535074759,153.51701185381074,209,B452ktvq... | P&L: +$10.43 | Hold: 0.5m
2025-08-14T16:49:12.321Z,trade_execution,-15.129999999999999,153.51701185381074,138.38701185381075,210,Trade #210 executed: JfDa5Zji...
2025-08-14T16:49:12.341Z,trade_execution,-15.129999999999999,138.38701185381075,123.25701185381075,211,Trade #211 executed: HexFTDnW...
2025-08-14T16:49:12.403Z,trade_execution,-15.129999999999999,123.25701185381075,108.12701185381076,212,Trade #212 executed: 6dDoTPts...
2025-08-14T16:49:12.436Z,trade_execution,-15.129999999999999,108.12701185381076,92.99701185381076,213,Trade #213 executed: HSed6UcD...
2025-08-14T16:49:12.468Z,trade_execution,-15.129999999999999,92.99701185381076,77.86701185381077,214,Trade #214 executed: HexFTDnW...
2025-08-14T16:49:12.618Z,trade_execution,-15.129999999999999,77.86701185381077,62.73701185381077,215,Trade #215 executed: HSed6UcD...
2025-08-14T16:49:12.741Z,trade_execution,-15.129999999999999,62.73701185381077,47.607011853810775,216,Trade #216 executed: 6dDoTPts...
2025-08-14T16:49:12.817Z,trade_execution,-15.129999999999999,47.607011853810775,32.47701185381078,217,Trade #217 executed: HSed6UcD...
2025-08-14T16:49:12.854Z,profit_return,25.15894438006784,32.47701185381078,57.635956233878616,217,JfDa5Zji... | P&L: +$10.03 | Hold: 0.0m
2025-08-14T16:49:12.942Z,trade_execution,-15.129999999999999,57.635956233878616,42.50595623387862,218,Trade #218 executed: 3V3Ukk7H...
2025-08-14T16:49:13.106Z,profit_return,35.55360590584207,42.50595623387863,78.0595621397207,218,GvbPc28n... | P&L: +$20.42 | Hold: 0.5m
2025-08-14T16:49:13.436Z,profit_return,27.568952625334852,78.0595621397207,105.62851476505554,218,JfDa5Zji... | P&L: +$12.44 | Hold: 0.0m
2025-08-14T16:49:13.510Z,trade_execution,-15.129999999999999,105.62851476505554,90.49851476505555,219,Trade #219 executed: HSed6UcD...
2025-08-14T16:49:13.568Z,trade_execution,-15.129999999999999,90.49851476505555,75.36851476505555,220,Trade #220 executed: D1yipvvH...
2025-08-14T16:49:13.601Z,trade_execution,-15.129999999999999,75.36851476505555,60.238514765055555,221,Trade #221 executed: B452ktvq...
2025-08-14T16:49:13.617Z,profit_return,46.327258117689674,60.23851476505555,106.56577288274522,221,JfDa5Zji... | P&L: +$31.20 | Hold: 0.0m
2025-08-14T16:49:13.639Z,trade_execution,-15.129999999999999,106.56577288274522,91.43577288274523,222,Trade #222 executed: 7aZcifP7...
2025-08-14T16:49:13.671Z,trade_execution,-15.129999999999999,91.43577288274523,76.30577288274523,223,Trade #223 executed: 6Tcqt1GQ...
2025-08-14T16:49:13.689Z,trade_execution,-15.129999999999999,76.30577288274523,61.175772882745235,224,Trade #224 executed: B452ktvq...
2025-08-14T16:49:13.879Z,trade_execution,-15.129999999999999,61.175772882745235,46.04577288274524,225,Trade #225 executed: 6dDoTPts...
2025-08-14T16:49:13.921Z,trade_execution,-15.129999999999999,46.04577288274524,30.91577288274524,226,Trade #226 executed: 6dDoTPts...
2025-08-14T16:49:13.943Z,trade_execution,-15.129999999999999,30.91577288274524,15.785772882745242,227,Trade #227 executed: B452ktvq...
2025-08-14T16:49:14.657Z,trade_execution,-15.129999999999999,15.785772882745242,0.6557728827452429,228,Trade #228 executed: 6Tcqt1GQ...
2025-08-14T16:49:14.743Z,profit_return,27.083384488176346,0.6557728827452429,27.73915737092159,228,H8PYs7fZ... | P&L: +$11.95 | Hold: 0.5m
2025-08-14T16:49:14.800Z,trade_execution,-15.129999999999999,27.73915737092159,12.60915737092159,229,Trade #229 executed: 8GC1bHxL...
2025-08-14T16:49:21.245Z,profit_return,34.583693106209466,12.609157370921594,47.19285047713106,229,VtMwz8W8... | P&L: +$19.45 | Hold: 2.0m
2025-08-14T16:49:22.781Z,profit_return,31.769057419990165,47.19285047713106,78.96190789712122,229,EuRuhhCB... | P&L: +$16.64 | Hold: 2.0m
2025-08-14T16:49:31.282Z,trade_execution,-15.129999999999999,78.96190789712122,63.831907897121226,230,Trade #230 executed: EcejBxvr...
2025-08-14T16:49:31.328Z,trade_execution,-15.129999999999999,63.831907897121226,48.70190789712123,231,Trade #231 executed: HexFTDnW...
2025-08-14T16:49:31.466Z,trade_execution,-15.129999999999999,48.70190789712123,33.571907897121235,232,Trade #232 executed: 6bTJtgdc...
2025-08-14T16:49:31.560Z,trade_execution,-15.129999999999999,33.571907897121235,18.441907897121236,233,Trade #233 executed: 6bTJtgdc...
2025-08-14T16:49:31.586Z,trade_execution,-15.129999999999999,18.441907897121236,3.3119078971212375,234,Trade #234 executed: HSed6UcD...